Geography,Zip,Total Population,Land Area in Square Miles,Population Per Square Mile (Land Area)
ZCTA5 92161,92161,0,0,0
ZCTA5 92182,92182,606,1,606
ZCTA5 92096,92096,3395,1,3395
ZCTAS 92136,92136,10699,1,10699
ZCTA5 89010 (California part only),89010,31,14.7,2
ZCTA5 89019 (California part only),89019,69,207.7,0
ZCTA5 89060 (California part only),89060,30,8.5,4
ZCTA5 89061 (California part only),89061,51,0.7,71
ZCTA5 89439 (California part only),89439,80,7.5,11
ZCTA5 90001,90001,"57,110",3.5,"16,306"
ZCTA5 90002,90002,"51,223",3.1,"16,728"
ZCTA5 90003,90003,"66,266",3.6,"18,660"
ZCTA5 90004,90004,"62,180",3,"20,400"
ZCTA5 90005,90005,"37,681",1.1,"34,761"
ZCTA5 90006,90006,"59,185",1.9,"30,829"
ZCTA5 90007,90007,"40,920",2.5,"16,593"
ZCTA5 90008,90008,"32,327",3.7,"8,801"
ZCTA5 90010,90010,"3,800",0.5,"8,309"
ZCTA5 90011,90011,"103,892",4.3,"24,240"
ZCTA5 90012,90012,"31,103",3.2,"9,618"
ZCTA5 90013,90013,"11,772",0.7,"17,546"
ZCTA5 90014,90014,"7,005",0.3,"24,737"
ZCTA5 90015,90015,"18,986",1.7,"11,100"
ZCTA5 90016,90016,"47,596",3.6,"13,123"
ZCTA5 90017,90017,"23,768",0.7,"32,725"
ZCTA5 90018,90018,"49,310",2.9,"17,028"
ZCTA5 90019,90019,"64,458",3.9,"16,578"
ZCTA5 90020,90020,"38,967",1.1,"34,475"
ZCTA5 90021,90021,"3,951",2.1,"1,908"
ZCTA5 90022,90022,"67,179",4.4,"15,334"
ZCTA5 90023,90023,"45,903",4.2,"10,866"
ZCTA5 90024,90024,"47,452",2.9,"16,154"
ZCTA5 90025,90025,"42,147",2.6,"16,402"
ZCTA5 90026,90026,"67,869",4.2,"16,063"
ZCTA5 90027,90027,"45,151",8.3,"5,464"
ZCTA5 90028,90028,"28,714",1.5,"18,838"
ZCTA5 90029,90029,"38,617",1.4,"28,359"
ZCTA5 90031,90031,"39,316",3.5,"11,383"
ZCTA5 90032,90032,"45,786",4.8,"9,604"
ZCTA5 90033,90033,"48,852",3.3,"14,954"
ZCTA5 90034,90034,"57,964",3.1,"18,621"
ZCTA5 90035,90035,"28,418",2.1,"13,808"
ZCTA5 90036,90036,"36,865",2.5,"14,922"
ZCTA5 90037,90037,"62,276",2.8,"21,941"
ZCTA5 90038,90038,"28,917",1.6,"18,460"
ZCTA5 90039,90039,"28,514",3.8,"7,563"
ZCTA5 90040,90040,"12,520",5.6,"2,243"
ZCTA5 90041,90041,"27,425",3.6,"7,595"
ZCTA5 90042,90042,"62,430",4.6,"13,444"
ZCTA5 90043,90043,"44,789",4.1,"10,836"
ZCTA5 90044,90044,"89,779",5.1,"17,478"
ZCTA5 90045,90045,"39,480",10.7,"3,681"
ZCTA5 90046,90046,"48,581",5.8,"8,405"
ZCTA5 90047,90047,"48,606",4.7,"10,275"
ZCTA5 90048,90048,"21,397",1.9,"11,350"
ZCTA5 90049,90049,"35,482",15,"2,362"
ZCTA5 90056,90056,"7,827",1.6,"4,955"
ZCTA5 90057,90057,"44,998",0.9,"50,810"
ZCTA5 90058,90058,"3,223",5.8,555
ZCTA5 90059,90059,"40,952",3.3,"12,359"
ZCTA5 90061,90061,"26,872",2.7,"10,094"
ZCTA5 90062,90062,"32,821",1.9,"16,973"
ZCTA5 90063,90063,"55,758",3.3,"17,038"
ZCTA5 90064,90064,"25,403",4,"6,350"
ZCTA5 90065,90065,"45,527",5.3,"8,625"
ZCTA5 90066,90066,"55,277",4.9,"11,231"
ZCTA5 90067,90067,"2,424",0.3,"7,387"
ZCTA5 90068,90068,"22,286",7.6,"2,925"
ZCTA5 90069,90069,"20,483",2.1,"9,688"
ZCTA5 90071,90071,15,0.1,122
ZCTA5 90073,90073,539,0.3,"1,591"
ZCTA5 90077,90077,"9,377",7.3,"1,279"
ZCTA5 90079,90079,0,0,0
ZCTA5 90089,90089,"3,217",0.3,"11,218"
ZCTA5 90090,90090,0,0.2,0
ZCTA5 90094,90094,"5,464",0.6,"8,942"
ZCTA5 90095,90095,3,0.4,8
ZCTA5 90201,90201,"101,279",5.9,"17,060"
ZCTA5 90210,90210,"21,741",10.1,"2,147"
ZCTA5 90211,90211,"8,434",0.7,"12,042"
ZCTA5 90212,90212,"11,555",1,"12,096"
ZCTA5 90220,90220,"49,328",6.9,"7,138"
ZCTA5 90221,90221,"53,704",5.3,"10,072"
ZCTA5 90222,90222,"31,869",2.6,"12,465"
ZCTA5 90230,90230,"31,766",4.5,"7,048"
ZCTA5 90232,90232,"15,149",2.1,"7,193"
ZCTA5 90240,90240,"25,876",2.9,"8,789"
ZCTA5 90241,90241,"42,399",4.9,"8,607"
ZCTA5 90242,90242,"43,497",4.6,"9,559"
ZCTA5 90245,90245,"16,654",5.5,"3,049"
ZCTA5 90247,90247,"47,487",3.8,"12,649"
ZCTA5 90248,90248,"9,947",4.7,"2,119"
ZCTA5 90249,90249,"26,669",3,"8,956"
ZCTA5 90250,90250,"93,193",6.7,"13,920"
ZCTA5 90254,90254,"19,506",1.4,"13,665"
ZCTA5 90255,90255,"75,066",3.7,"20,189"
ZCTA5 90260,90260,"34,924",2.7,"13,031"
ZCTA5 90262,90262,"69,745",4.8,"14,431"
ZCTA5 90263,90263,"1,612",0.2,"7,135"
ZCTA5 90265,90265,"18,116",107.8,168
ZCTA5 90266,90266,"35,135",3.9,"8,926"
ZCTA5 90270,90270,"27,372",1.3,"21,694"
ZCTA5 90272,90272,"22,986",22.8,"1,007"
ZCTA5 90274,90274,"25,209",12,"2,106"
ZCTA5 90275,90275,"41,804",13.5,"3,093"
ZCTA5 90277,90277,"35,293",3.6,"9,850"
ZCTA5 90278,90278,"40,071",3.6,"11,120"
ZCTA5 90280,90280,"94,396",7.3,"12,922"
ZCTA5 90290,90290,"6,368",20.1,318
ZCTA5 90291,90291,"28,341",2.5,"11,359"
ZCTA5 90292,90292,"21,576",2,"10,583"
ZCTA5 90293,90293,"12,132",2.9,"4,235"
ZCTA5 90301,90301,"36,568",2.5,"14,760"
ZCTA5 90302,90302,"29,415",1.9,"15,537"
ZCTA5 90303,90303,"26,176",2.2,"11,799"
ZCTA5 90304,90304,"28,210",1.6,"18,007"
ZCTA5 90305,90305,"14,853",2.3,"6,404"
ZCTA5 90401,90401,"6,722",0.8,"7,917"
ZCTA5 90402,90402,"12,250",2,"6,113"
ZCTA5 90403,90403,"24,525",1.4,"17,180"
ZCTA5 90404,90404,"21,360",2,"10,723"
ZCTA5 90405,90405,"27,186",2.6,"10,272"
ZCTA5 90501,90501,"43,180",5.6,"7,678"
ZCTA5 90502,90502,"18,010",2.2,"8,059"
ZCTA5 90503,90503,"44,383",5.3,"8,379"
ZCTA5 90504,90504,"32,102",4.5,"7,213"
ZCTA5 90505,90505,"36,678",5.8,"6,330"
ZCTA5 90506,90506,0,0.2,0
ZCTA5 90601,90601,"31,974",11.3,"2,818"
ZCTA5 90602,90602,"25,777",3.7,"6,947"
ZCTA5 90603,90603,"20,063",3.3,"6,136"
ZCTA5 90604,90604,"39,407",4.3,"9,248"
ZCTA5 90605,90605,"40,331",5.7,"7,136"
ZCTA5 90606,90606,"32,396",3.8,"8,564"
ZCTA5 90620,90620,"45,113",6.4,"7,058"
ZCTA5 90621,90621,"35,153",4.1,"8,487"
ZCTA5 90623,90623,"15,554",1.8,"8,582"
ZCTA5 90630,90630,"47,993",6.1,"7,835"
ZCTA5 90631,90631,"67,619",13.9,"4,863"
ZCTA5 90638,90638,"49,012",7.9,"6,217"
ZCTA5 90640,90640,"62,549",8.5,"7,367"
ZCTA5 90650,90650,"105,549",9.8,"10,761"
ZCTA5 90660,90660,"62,928",7.7,"8,120"
ZCTA5 90670,90670,"14,866",8.5,"1,757"
ZCTA5 90680,90680,"29,945",2.7,"11,110"
ZCTA5 90701,90701,"16,591",1.6,"10,178"
ZCTA5 90703,90703,"49,399",8.8,"5,626"
ZCTA5 90704,90704,"4,090",74.8,55
ZCTA5 90706,90706,"76,615",6.1,"12,543"
ZCTA5 90710,90710,"25,457",2.4,"10,797"
ZCTA5 90712,90712,"31,499",4.3,"7,349"
ZCTA5 90713,90713,"27,925",3.4,"8,228"
ZCTA5 90715,90715,"20,388",1.7,"11,990"
ZCTA5 90716,90716,"14,184",0.9,"15,233"
ZCTA5 90717,90717,"21,318",2,"10,767"
ZCTA5 90720,90720,"21,751",6.1,"3,550"
ZCTA5 90723,90723,"54,099",4.7,"11,547"
ZCTA5 90731,90731,"59,662",9.2,"6,492"
ZCTA5 90732,90732,"21,115",3.4,"6,143"
ZCTA5 90740,90740,"23,729",8.8,"2,704"
ZCTA5 90742,90742,831,0.2,"4,497"
ZCTA5 90743,90743,456,0.1,"5,508"
ZCTA5 90744,90744,"53,815",8.3,"6,455"
ZCTA5 90745,90745,"57,251",8.3,"6,897"
ZCTA5 90746,90746,"25,990",5.8,"4,456"
ZCTA5 90747,90747,0,0,0
ZCTA5 90755,90755,"11,074",2.2,"5,081"
ZCTA5 90802,90802,"39,347",6.5,"6,069"
ZCTA5 90803,90803,"32,031",4,"8,013"
ZCTA5 90804,90804,"40,311",2.1,"19,061"
ZCTA5 90805,90805,"93,524",7.4,"12,692"
ZCTA5 90806,90806,"42,399",3.4,"12,327"
ZCTA5 90807,90807,"31,481",5.8,"5,391"
ZCTA5 90808,90808,"38,232",6.9,"5,568"
ZCTA5 90810,90810,"36,735",6.7,"5,486"
ZCTA5 90813,90813,"58,911",3.2,"18,360"
ZCTA5 90814,90814,"19,131",1.4,"14,122"
ZCTA5 90815,90815,"39,733",7.1,"5,579"
ZCTA5 90822,90822,117,0.2,720
ZCTA5 90831,90831,0,0,0
ZCTA5 91001,91001,"36,126",8.3,"4,368"
ZCTA5 91006,91006,"31,715",6.3,"5,019"
ZCTA5 91007,91007,"34,095",5.6,"6,134"
ZCTA5 91008,91008,"1,391",2,687
ZCTA5 91010,91010,"26,074",7,"3,704"
ZCTA5 91011,91011,"20,280",11.9,"1,711"
ZCTA5 91016,91016,"40,598",8.5,"4,784"
ZCTA5 91020,91020,"8,415",0.8,"11,185"
ZCTA5 91024,91024,"10,917",3,"3,698"
ZCTA5 91030,91030,"25,616",3.4,"7,511"
ZCTA5 91040,91040,"20,372",8.2,"2,484"
ZCTA5 91042,91042,"27,585",49.9,553
ZCTA5 91046,91046,156,0,"15,591"
ZCTA5 91101,91101,"20,460",1.3,"15,445"
ZCTA5 91103,91103,"27,480",5.4,"5,122"
ZCTA5 91104,91104,"36,751",3.8,"9,664"
ZCTA5 91105,91105,"11,254",3.7,"3,047"
ZCTA5 91106,91106,"24,229",3,"8,210"
ZCTA5 91107,91107,"32,940",8.2,"4,008"
ZCTA5 91108,91108,"13,361",3.8,"3,505"
ZCTA5 91201,91201,"22,781",2.4,"9,647"
ZCTA5 91202,91202,"22,830",2,"11,139"
ZCTA5 91203,91203,"13,220",0.8,"16,151"
ZCTA5 91204,91204,"16,032",1.1,"14,263"
ZCTA5 91205,91205,"37,810",1.9,"19,995"
ZCTA5 91206,91206,"33,065",5.9,"5,621"
ZCTA5 91207,91207,"10,506",4.5,"2,312"
ZCTA5 91208,91208,"16,245",6.9,"2,354"
ZCTA5 91210,91210,328,0,"7,452"
ZCTA5 91214,91214,"30,356",7.5,"4,022"
ZCTA5 91301,91301,"25,488",34.1,748
ZCTA5 91302,91302,"25,709",26.7,963
ZCTA5 91303,91303,"26,855",2.2,"12,413"
ZCTA5 91304,91304,"50,231",9.4,"5,341"
ZCTA5 91306,91306,"45,061",4.1,"10,889"
ZCTA5 91307,91307,"24,474",8,"3,042"
ZCTA5 91311,91311,"36,557",32.1,"1,140"
ZCTA5 91316,91316,"26,898",5,"5,372"
ZCTA5 91320,91320,"44,274",18.2,"2,426"
ZCTA5 91321,91321,"34,882",25.9,"1,348"
ZCTA5 91324,91324,"27,669",4.4,"6,301"
ZCTA5 91325,91325,"32,417",4.8,"6,724"
ZCTA5 91326,91326,"33,708",8.2,"4,131"
ZCTA5 91330,91330,"2,702",0.3,"7,931"
ZCTA5 91331,91331,"103,689",8.9,"11,713"
ZCTA5 91335,91335,"74,363",6.6,"11,328"
ZCTA5 91340,91340,"34,188",3.4,"10,112"
ZCTA5 91342,91342,"91,725",55.1,"1,665"
ZCTA5 91343,91343,"60,254",5.9,"10,193"
ZCTA5 91344,91344,"51,747",16.4,"3,153"
ZCTA5 91345,91345,"18,496",3.2,"5,705"
ZCTA5 91350,91350,"33,348",16.9,"1,968"
ZCTA5 91351,91351,"32,362",9.6,"3,381"
ZCTA5 91352,91352,"47,807",11.7,"4,097"
ZCTA5 91354,91354,"28,722",8.7,"3,292"
ZCTA5 91355,91355,"32,605",15.5,"2,107"
ZCTA5 91356,91356,"29,458",7.3,"4,016"
ZCTA5 91360,91360,"42,402",14.5,"2,919"
ZCTA5 91361,91361,"20,438",33.5,610
ZCTA5 91362,91362,"36,045",19.6,"1,837"
ZCTA5 91364,91364,"25,851",7.6,"3,405"
ZCTA5 91367,91367,"39,499",7.4,"5,308"
ZCTA5 91371,91371,1,0.2,4
ZCTA5 91377,91377,"13,811",5.3,"2,609"
ZCTA5 91381,91381,"20,158",37.6,536
ZCTA5 91384,91384,"29,855",108.6,275
ZCTA5 91387,91387,"40,328",49.5,814
ZCTA5 91390,91390,"19,786",143.1,138
ZCTA5 91401,91401,"39,285",3.5,"11,377"
ZCTA5 91402,91402,"69,817",3.7,"18,733"
ZCTA5 91403,91403,"23,484",3.6,"6,467"
ZCTA5 91405,91405,"51,145",3.3,"15,457"
ZCTA5 91406,91406,"51,558",8.1,"6,340"
ZCTA5 91411,91411,"24,628",2,"12,059"
ZCTA5 91423,91423,"30,991",4.4,"7,103"
ZCTA5 91436,91436,"14,372",5.7,"2,523"
ZCTA5 91501,91501,"20,849",4,"5,255"
ZCTA5 91502,91502,"11,371",1.3,"8,521"
ZCTA5 91504,91504,"24,939",4.9,"5,053"
ZCTA5 91505,91505,"30,778",5,"6,106"
ZCTA5 91506,91506,"18,904",2.4,"7,726"
ZCTA5 91601,91601,"37,180",2.7,"14,028"
ZCTA5 91602,91602,"17,473",2,"8,535"
ZCTA5 91604,91604,"29,034",5.2,"5,636"
ZCTA5 91605,91605,"56,343",5.5,"10,312"
ZCTA5 91606,91606,"44,958",3.3,"13,491"
ZCTA5 91607,91607,"27,927",2.4,"11,448"
ZCTA5 91608,91608,0,0.6,0
ZCTA5 91701,91701,"38,976",7.3,"5,361"
ZCTA5 91702,91702,"59,705",169.4,353
ZCTA5 91706,91706,"76,571",13.4,"5,699"
ZCTA5 91708,91708,"3,369",9.6,352
ZCTA5 91709,91709,"74,796",34.2,"2,188"
ZCTA5 91710,91710,"80,358",21.5,"3,736"
ZCTA5 91711,91711,"35,705",15,"2,379"
ZCTA5 91722,91722,"34,409",4.1,"8,330"
ZCTA5 91723,91723,"18,275",2.3,"7,877"
ZCTA5 91724,91724,"26,184",6.2,"4,200"
ZCTA5 91730,91730,"66,925",14.5,"4,624"
ZCTA5 91731,91731,"29,591",3.8,"7,758"
ZCTA5 91732,91732,"61,386",4.6,"13,301"
ZCTA5 91733,91733,"43,896",6.7,"6,570"
ZCTA5 91737,91737,"24,740",8.4,"2,953"
ZCTA5 91739,91739,"34,794",29.4,"1,184"
ZCTA5 91740,91740,"25,356",5,"5,094"
ZCTA5 91741,91741,"25,824",14.8,"1,743"
ZCTA5 91744,91744,"85,040",8.8,"9,675"
ZCTA5 91745,91745,"54,013",12.8,"4,217"
ZCTA5 91746,91746,"30,485",5.6,"5,473"
ZCTA5 91748,91748,"45,406",14.5,"3,138"
ZCTA5 91750,91750,"33,249",25.2,"1,318"
ZCTA5 91752,91752,"30,047",15.1,"1,992"
ZCTA5 91754,91754,"32,742",4.5,"7,224"
ZCTA5 91755,91755,"27,496",3.1,"8,847"
ZCTA5 91759,91759,476,82.3,6
ZCTA5 91761,91761,"56,913",29.2,"1,951"
ZCTA5 91762,91762,"55,857",13.6,"4,100"
ZCTA5 91763,91763,"36,375",5.2,"7,034"
ZCTA5 91764,91764,"54,086",8,"6,756"
ZCTA5 91765,91765,"46,457",18.9,"2,456"
ZCTA5 91766,91766,"71,599",10.2,"7,043"
ZCTA5 91767,91767,"48,068",5.6,"8,552"
ZCTA5 91768,91768,"34,537",8.6,"3,993"
ZCTA5 91770,91770,"62,097",6.4,"9,668"
ZCTA5 91773,91773,"33,119",14.3,"2,316"
ZCTA5 91775,91775,"23,988",3.1,"7,830"
ZCTA5 91776,91776,"38,475",3.4,"11,300"
ZCTA5 91780,91780,"34,332",3.8,"8,966"
ZCTA5 91784,91784,"25,938",9.1,"2,846"
ZCTA5 91786,91786,"51,165",9,"5,715"
ZCTA5 91789,91789,"43,079",15.6,"2,756"
ZCTA5 91790,91790,"44,907",5.8,"7,779"
ZCTA5 91791,91791,"32,414",6.6,"4,885"
ZCTA5 91792,91792,"30,854",3.8,"8,031"
ZCTA5 91801,91801,"52,735",4.4,"12,101"
ZCTA5 91803,91803,"30,322",3.3,"9,285"
ZCTA5 91901,91901,"17,403",89.3,195
ZCTA5 91902,91902,"17,653",8.7,"2,028"
ZCTA5 91905,91905,"1,700",65.8,26
ZCTA5 91906,91906,"3,627",105.5,34
ZCTA5 91910,91910,"75,802",12.2,"6,196"
ZCTA5 91911,91911,"82,999",11.7,"7,087"
ZCTA5 91913,91913,"40,971",10.2,"4,017"
ZCTA5 91914,91914,"15,448",6.3,"2,455"
ZCTA5 91915,91915,"24,659",7.6,"3,242"
ZCTA5 91916,91916,"1,622",39.8,41
ZCTA5 91917,91917,992,36.2,27
ZCTA5 91931,91931,592,14.5,41
ZCTA5 91932,91932,"25,718",2.5,"10,232"
ZCTA5 91934,91934,737,46.7,16
ZCTA5 91935,91935,"8,624",96.6,89
ZCTA5 91941,91941,"31,779",8.1,"3,942"
ZCTA5 91942,91942,"38,069",5.8,"6,524"
ZCTA5 91945,91945,"25,460",3.9,"6,484"
ZCTA5 91948,91948,78,19.8,4
ZCTA5 91950,91950,"60,322",7.6,"7,938"
ZCTA5 91962,91962,"1,646",51.6,32
ZCTA5 91963,91963,"1,118",33.6,33
ZCTA5 91977,91977,"58,368",9.7,"6,039"
ZCTA5 91978,91978,"8,896",6.4,"1,390"
ZCTA5 91980,91980,165,3.6,46
ZCTA5 92003,92003,"4,746",17.3,274
ZCTA5 92004,92004,"3,881",693.6,6
ZCTA5 92007,92007,"10,429",2.4,"4,267"
ZCTA5 92008,92008,"27,649",10.3,"2,682"
ZCTA5 92009,92009,"40,747",12.7,"3,202"
ZCTA5 92010,92010,"14,382",8.1,"1,780"
ZCTA5 92011,92011,"22,405",6.8,"3,295"
ZCTA5 92014,92014,"13,154",6,"2,182"
ZCTA5 92019,92019,"42,598",26.8,"1,587"
ZCTA5 92020,92020,"57,767",11.1,"5,188"
ZCTA5 92021,92021,"65,068",29.8,"2,181"
ZCTA5 92024,92024,"49,121",16.9,"2,911"
ZCTA5 92025,92025,"49,978",22,"2,268"
ZCTA5 92026,92026,"48,922",37.2,"1,315"
ZCTA5 92027,92027,"53,881",63.1,854
ZCTA5 92028,92028,"46,239",94.4,490
ZCTA5 92029,92029,"19,021",23.6,804
ZCTA5 92036,92036,"3,440",178.7,19
ZCTA5 92037,92037,"46,781",13.1,"3,577"
ZCTA5 92040,92040,"41,281",64.2,643
ZCTA5 92054,92054,"40,375",11.9,"3,381"
ZCTA5 92055,92055,"15,655",98.5,159
ZCTA5 92056,92056,"51,835",12.4,"4,176"
ZCTA5 92057,92057,"54,096",15.1,"3,585"
ZCTA5 92058,92058,"42,436",28.2,"1,504"
ZCTA5 92059,92059,"1,618",27.9,58
ZCTA5 92060,92060,218,69.6,3
ZCTA5 92061,92061,"2,499",39.7,63
ZCTA5 92064,92064,"47,904",41,"1,170"
ZCTA5 92065,92065,"35,414",165.2,214
ZCTA5 92066,92066,378,19.8,19
ZCTA5 92067,92067,"9,535",22.5,423
ZCTA5 92069,92069,"46,369",16.5,"2,818"
ZCTA5 92070,92070,"1,245",133.2,9
ZCTA5 92071,92071,"53,422",17.4,"3,065"
ZCTA5 92075,92075,"12,056",3.5,"3,402"
ZCTA5 92078,92078,"42,906",16.7,"2,569"
ZCTA5 92081,92081,"27,404",8.9,"3,095"
ZCTA5 92082,92082,"19,037",122.9,155
ZCTA5 92083,92083,"36,975",5.6,"6,637"
ZCTA5 92084,92084,"47,654",26.2,"1,821"
ZCTA5 92086,92086,"1,573",220.4,7
ZCTA5 92091,92091,"1,048",0.7,"1,599"
ZCTA5 92101,92101,"37,095",4.7,"7,867"
ZCTA5 92102,92102,"43,267",4.6,"9,347"
ZCTA5 92103,92103,"31,066",3.8,"8,245"
ZCTA5 92104,92104,"44,414",3.8,"11,720"
ZCTA5 92105,92105,"69,813",5.6,"12,534"
ZCTA5 92106,92106,"19,330",5.6,"3,426"
ZCTA5 92107,92107,"28,651",3.1,"9,106"
ZCTA5 92108,92108,"18,858",4.3,"4,402"
ZCTA5 92109,92109,"45,787",7.6,"6,028"
ZCTA5 92110,92110,"25,341",4.9,"5,222"
ZCTA5 92111,92111,"45,096",8.5,"5,331"
ZCTA5 92113,92113,"56,066",5.3,"10,640"
ZCTA5 92114,92114,"65,433",8.2,"7,943"
ZCTA5 92115,92115,"58,560",6.5,"9,003"
ZCTA5 92116,92116,"31,680",3.5,"9,136"
ZCTA5 92117,92117,"51,332",8.8,"5,842"
ZCTA5 92118,92118,"23,575",7.8,"3,042"
ZCTA5 92119,92119,"23,057",6.9,"3,366"
ZCTA5 92120,92120,"26,317",6.7,"3,954"
ZCTA5 92121,92121,"4,179",12.3,341
ZCTA5 92122,92122,"43,728",15.9,"2,745"
ZCTA5 92123,92123,"26,823",8.2,"3,285"
ZCTA5 92124,92124,"30,443",10.5,"2,904"
ZCTA5 92126,92126,"73,343",12.7,"5,788"
ZCTA5 92127,92127,"39,337",22.1,"1,783"
ZCTA5 92128,92128,"47,490",11.2,"4,253"
ZCTA5 92129,92129,"51,536",14.1,"3,662"
ZCTA5 92130,92130,"48,940",18.4,"2,654"
ZCTA5 92131,92131,"32,787",25.1,"1,306"
ZCTA5 92132,92132,0,0,0
ZCTA5 92134,92134,198,0.2,"1,069"
ZCTA5 92135,92135,571,0.5,"1,194"
ZCTA5 92139,92139,"35,125",3.6,"9,686"
ZCTA5 92140,92140,"3,435",0.6,"5,376"
ZCTA5 92145,92145,"1,449",3.3,433
ZCTA5 92147,92147,559,0.1,"5,796"
ZCTA5 92154,92154,"79,708",37,"2,157"
ZCTA5 92155,92155,550,0.2,"2,469"
ZCTA5 92173,92173,"29,429",5.1,"5,817"
ZCTA5 92201,92201,"61,827",22.7,"2,729"
ZCTA5 92203,92203,"25,605",17.5,"1,462"
ZCTA5 92210,92210,"4,677",13.1,358
ZCTA5 92211,92211,"24,294",15.1,"1,614"
ZCTA5 92220,92220,"31,638",124.2,255
ZCTA5 92222,92222,45,1.6,28
ZCTA5 92223,92223,"43,605",43.4,"1,005"
ZCTA5 92225,92225,"24,310",599.1,41
ZCTA5 92227,92227,"26,234",540.9,49
ZCTA5 92230,92230,"2,550",15.1,168
ZCTA5 92231,92231,"39,073",57.1,684
ZCTA5 92233,92233,"8,099",150.7,54
ZCTA5 92234,92234,"51,151",15.7,"3,251"
ZCTA5 92236,92236,"41,083",21.9,"1,877"
ZCTA5 92239,92239,223,143.4,2
ZCTA5 92240,92240,"34,722",36.6,949
ZCTA5 92241,92241,"8,803",138.1,64
ZCTA5 92242,92242,"1,539",31.3,49
ZCTA5 92243,92243,"48,030",110.3,436
ZCTA5 92249,92249,"7,334",21.5,342
ZCTA5 92250,92250,"8,285",415,20
ZCTA5 92251,92251,"21,583",199.5,108
ZCTA5 92252,92252,"9,647",89.9,107
ZCTA5 92253,92253,"37,262",35,"1,066"
ZCTA5 92254,92254,"12,768",46.7,273
ZCTA5 92256,92256,"3,588",78,46
ZCTA5 92257,92257,"2,326",743.9,3
ZCTA5 92258,92258,861,10.6,81
ZCTA5 92259,92259,390,324.1,1
ZCTA5 92260,92260,"31,753",28.4,"1,118"
ZCTA5 92262,92262,"26,179",36.6,714
ZCTA5 92264,92264,"19,383",52.3,371
ZCTA5 92266,92266,234,325.9,1
ZCTA5 92267,92267,126,16.3,8
ZCTA5 92268,92268,574,80.8,7
ZCTA5 92270,92270,"17,220",26.7,646
ZCTA5 92273,92273,"1,823",7,262
ZCTA5 92274,92274,"19,801",178.9,111
ZCTA5 92275,92275,"1,506",62.4,24
ZCTA5 92276,92276,"7,585",29.3,259
ZCTA5 92277,92277,"23,911","1,395.00",17
ZCTA5 92278,92278,"3,846",0.8,"4,804"
ZCTA5 92280,92280,14,166.1,0
ZCTA5 92281,92281,"2,432",14.3,171
ZCTA5 92282,92282,"1,239",71.1,17
ZCTA5 92283,92283,"3,158",743.6,4
ZCTA5 92284,92284,"25,095",110.2,228
ZCTA5 92285,92285,"2,632",171,15
ZCTA5 92301,92301,"32,725",170.5,192
ZCTA5 92304,92304,17,41.2,0
ZCTA5 92305,92305,535,100,5
ZCTA5 92307,92307,"37,630",169.9,222
ZCTA5 92308,92308,"39,837",93.2,427
ZCTA5 92309,92309,763,160.2,5
ZCTA5 92310,92310,"8,845",3.1,"2,871"
ZCTA5 92311,92311,"31,894",248.4,128
ZCTA5 92313,92313,"12,025",3.5,"3,448"
ZCTA5 92314,92314,"10,162",30.8,330
ZCTA5 92315,92315,"5,094",12.7,401
ZCTA5 92316,92316,"30,830",11,"2,805"
ZCTA5 92320,92320,"7,788",10.7,728
ZCTA5 92321,92321,"1,522",6.5,234
ZCTA5 92322,92322,"1,257",3,420
ZCTA5 92324,92324,"56,505",29.5,"1,915"
ZCTA5 92325,92325,"9,391",10.1,931
ZCTA5 92327,92327,632,28.2,22
ZCTA5 92328,92328,445,701.1,1
ZCTA5 92332,92332,65,894.7,0
ZCTA5 92333,92333,472,4.2,113
ZCTA5 92335,92335,"95,397",17.3,"5,506"
ZCTA5 92336,92336,"88,419",24.9,"3,555"
ZCTA5 92337,92337,"37,849",13.9,"2,718"
ZCTA5 92338,92338,12,241.3,0
ZCTA5 92339,92339,885,10.6,84
ZCTA5 92341,92341,410,7.1,58
ZCTA5 92342,92342,"6,379",105.5,60
ZCTA5 92344,92344,"20,769",38.5,539
ZCTA5 92345,92345,"78,715",82,960
ZCTA5 92346,92346,"54,923",25.4,"2,161"
ZCTA5 92347,92347,"1,692",146.6,12
ZCTA5 92352,92352,"8,004",9.6,830
ZCTA5 92354,92354,"21,559",4.9,"4,417"
ZCTA5 92356,92356,"6,455",393.8,16
ZCTA5 92358,92358,707,19.8,36
ZCTA5 92359,92359,"8,103",16.7,486
ZCTA5 92363,92363,"5,321",198.2,27
ZCTA5 92364,92364,90,514.2,0
ZCTA5 92365,92365,"2,637",172.6,15
ZCTA5 92368,92368,"1,113",27.9,40
ZCTA5 92371,92371,"16,763",139.7,120
ZCTA5 92372,92372,"6,220",27.9,223
ZCTA5 92373,92373,"33,423",40.7,821
ZCTA5 92374,92374,"40,267",18.7,"2,150"
ZCTA5 92376,92376,"81,516",13.5,"6,031"
ZCTA5 92377,92377,"19,989",10.2,"1,958"
ZCTA5 92378,92378,183,0.8,221
ZCTA5 92382,92382,"5,268",15.1,349
ZCTA5 92384,92384,36,140,0
ZCTA5 92385,92385,313,8.4,37
ZCTA5 92386,92386,"2,270",1.9,"1,184"
ZCTA5 92389,92389,156,137.7,1
ZCTA5 92391,92391,"2,534",2.3,"1,085"
ZCTA5 92392,92392,"54,858",37.3,"1,470"
ZCTA5 92394,92394,"33,237",27.3,"1,218"
ZCTA5 92395,92395,"42,400",17.1,"2,479"
ZCTA5 92397,92397,"4,894",10.3,475
ZCTA5 92398,92398,"1,379",28,49
ZCTA5 92399,92399,"52,606",53,992
ZCTA5 92401,92401,"1,932",0.9,"2,235"
ZCTA5 92404,92404,"58,271",28.6,"2,040"
ZCTA5 92405,92405,"28,873",4.7,"6,113"
ZCTA5 92407,92407,"56,689",62.9,901
ZCTA5 92408,92408,"15,271",10.6,"1,438"
ZCTA5 92410,92410,"49,410",8.2,"6,011"
ZCTA5 92411,92411,"26,214",4.1,"6,407"
ZCTA5 92501,92501,"20,970",5.7,"3,678"
ZCTA5 92503,92503,"84,519",29.9,"2,830"
ZCTA5 92504,92504,"53,778",23.4,"2,298"
ZCTA5 92505,92505,"47,672",12.2,"3,900"
ZCTA5 92506,92506,"44,001",16.2,"2,716"
ZCTA5 92507,92507,"58,002",20.2,"2,870"
ZCTA5 92508,92508,"35,000",10.7,"3,262"
ZCTA5 92509,92509,"75,196",31.1,"2,418"
ZCTA5 92518,92518,"1,162",11.9,98
ZCTA5 92530,92530,"50,216",53.9,932
ZCTA5 92532,92532,"18,644",18.1,"1,031"
ZCTA5 92536,92536,"3,810",124.8,31
ZCTA5 92539,92539,"4,734",131.3,36
ZCTA5 92543,92543,"33,555",17.7,"1,899"
ZCTA5 92544,92544,"44,734",135.7,330
ZCTA5 92545,92545,"39,457",32.1,"1,228"
ZCTA5 92548,92548,"6,643",9.8,676
ZCTA5 92549,92549,"3,926",27.5,143
ZCTA5 92551,92551,"30,815",5.9,"5,247"
ZCTA5 92553,92553,"73,722",10.1,"7,277"
ZCTA5 92555,92555,"39,076",80.7,484
ZCTA5 92557,92557,"50,320",18.8,"2,676"
ZCTA5 92561,92561,"1,661",158.2,11
ZCTA5 92562,92562,"62,079",109.4,568
ZCTA5 92563,92563,"53,892",20.3,"2,650"
ZCTA5 92567,92567,"9,459",29.5,321
ZCTA5 92570,92570,"53,697",97.3,552
ZCTA5 92571,92571,"52,516",22.6,"2,328"
ZCTA5 92582,92582,"15,649",18.5,846
ZCTA5 92583,92583,"30,236",28.4,"1,063"
ZCTA5 92584,92584,"43,400",29.8,"1,457"
ZCTA5 92585,92585,"17,797",20.3,877
ZCTA5 92586,92586,"19,815",7.1,"2,806"
ZCTA5 92587,92587,"16,675",7.9,"2,110"
ZCTA5 92590,92590,"3,660",53.4,68
ZCTA5 92591,92591,"38,272",16.5,"2,324"
ZCTA5 92592,92592,"72,492",97.2,746
ZCTA5 92595,92595,"29,851",21.1,"1,418"
ZCTA5 92596,92596,"23,172",61.2,379
ZCTA5 92602,92602,"22,871",10.4,"2,190"
ZCTA5 92603,92603,"20,184",13.3,"1,523"
ZCTA5 92604,92604,"26,853",3.4,"7,960"
ZCTA5 92606,92606,"21,495",4.8,"4,434"
ZCTA5 92610,92610,"11,248",9.8,"1,147"
ZCTA5 92612,92612,"27,522",6.1,"4,526"
ZCTA5 92614,92614,"24,748",4.4,"5,599"
ZCTA5 92617,92617,"14,044",2.4,"5,841"
ZCTA5 92618,92618,"16,366",21.2,773
ZCTA5 92620,92620,"38,486",7,"5,466"
ZCTA5 92624,92624,"7,248",1.4,"5,277"
ZCTA5 92625,92625,"12,478",2.6,"4,888"
ZCTA5 92626,92626,"49,341",9.6,"5,128"
ZCTA5 92627,92627,"61,510",6.3,"9,688"
ZCTA5 92629,92629,"25,756",5.1,"5,056"
ZCTA5 92630,92630,"59,182",9.5,"6,214"
ZCTA5 92637,92637,"16,012",3.5,"4,570"
ZCTA5 92646,92646,"55,224",8,"6,863"
ZCTA5 92647,92647,"57,245",7.7,"7,387"
ZCTA5 92648,92648,"45,317",8,"5,645"
ZCTA5 92649,92649,"32,463",7.6,"4,244"
ZCTA5 92651,92651,"23,881",19.5,"1,227"
ZCTA5 92653,92653,"29,291",6.7,"4,374"
ZCTA5 92655,92655,"8,337",0.6,"13,220"
ZCTA5 92656,92656,"49,046",8.2,"5,961"
ZCTA5 92657,92657,"9,741",7.4,"1,321"
ZCTA5 92660,92660,"34,797",9.8,"3,566"
ZCTA5 92661,92661,"3,744",0.7,"5,749"
ZCTA5 92662,92662,"2,756",0.2,"13,233"
ZCTA5 92663,92663,"21,649",3.3,"6,557"
ZCTA5 92672,92672,"34,464",8,"4,330"
ZCTA5 92673,92673,"29,309",11.7,"2,509"
ZCTA5 92675,92675,"34,731",34.5,"1,008"
ZCTA5 92676,92676,"1,945",66.3,29
ZCTA5 92677,92677,"63,297",16.7,"3,791"
ZCTA5 92678,92678,494,15.1,33
ZCTA5 92679,92679,"32,611",22.6,"1,442"
ZCTA5 92683,92683,"89,747",10,"8,975"
ZCTA5 92688,92688,"43,792",10.9,"4,018"
ZCTA5 92691,92691,"47,582",8.8,"5,404"
ZCTA5 92692,92692,"47,222",9.9,"4,793"
ZCTA5 92694,92694,"21,944",9.5,"2,311"
ZCTA5 92701,92701,"53,908",3.3,"16,486"
ZCTA5 92703,92703,"65,445",4.1,"16,036"
ZCTA5 92704,92704,"88,123",7.4,"11,919"
ZCTA5 92705,92705,"44,706",11.6,"3,868"
ZCTA5 92706,92706,"36,457",3.4,"10,698"
ZCTA5 92707,92707,"59,492",5,"11,832"
ZCTA5 92708,92708,"56,004",9.1,"6,181"
ZCTA5 92780,92780,"57,741",7,"8,258"
ZCTA5 92782,92782,"23,032",3.4,"6,848"
ZCTA5 92801,92801,"62,068",6.3,"9,872"
ZCTA5 92802,92802,"42,709",4.5,"9,397"
ZCTA5 92804,92804,"85,914",7,"12,265"
ZCTA5 92805,92805,"70,401",6.3,"11,167"
ZCTA5 92806,92806,"37,173",7.7,"4,810"
ZCTA5 92807,92807,"36,171",10.7,"3,376"
ZCTA5 92808,92808,"20,039",5.1,"3,943"
ZCTA5 92821,92821,"35,533",10.5,"3,372"
ZCTA5 92823,92823,"3,613",10.9,332
ZCTA5 92831,92831,"34,204",6,"5,724"
ZCTA5 92832,92832,"24,752",2.8,"8,796"
ZCTA5 92833,92833,"51,767",7.3,"7,087"
ZCTA5 92835,92835,"24,010",6,"3,985"
ZCTA5 92840,92840,"54,083",5.2,"10,397"
ZCTA5 92841,92841,"32,845",4.5,"7,330"
ZCTA5 92843,92843,"45,214",3.9,"11,574"
ZCTA5 92844,92844,"24,307",2.1,"11,433"
ZCTA5 92845,92845,"16,333",2.2,"7,463"
ZCTA5 92860,92860,"27,198",14,"1,946"
ZCTA5 92861,92861,"5,781",2.1,"2,719"
ZCTA5 92865,92865,"19,704",3.7,"5,384"
ZCTA5 92866,92866,"14,885",1.9,"7,705"
ZCTA5 92867,92867,"44,515",7.9,"5,608"
ZCTA5 92868,92868,"25,404",3.2,"7,857"
ZCTA5 92869,92869,"37,184",9.3,"4,001"
ZCTA5 92870,92870,"52,033",6.8,"7,661"
ZCTA5 92879,92879,"46,745",10,"4,653"
ZCTA5 92880,92880,"58,763",24.7,"2,380"
ZCTA5 92881,92881,"30,991",27.7,"1,120"
ZCTA5 92882,92882,"67,917",25.8,"2,638"
ZCTA5 92883,92883,"29,301",55.7,526
ZCTA5 92886,92886,"46,564",14.7,"3,162"
ZCTA5 92887,92887,"20,006",9,"2,226"
ZCTA5 93001,93001,"32,990",205.4,161
ZCTA5 93003,93003,"50,474",20.6,"2,453"
ZCTA5 93004,93004,"29,149",6.9,"4,245"
ZCTA5 93010,93010,"42,901",22.1,"1,938"
ZCTA5 93012,93012,"34,617",52.4,661
ZCTA5 93013,93013,"16,091",56.9,283
ZCTA5 93015,93015,"17,334",76.6,226
ZCTA5 93021,93021,"36,422",47.2,771
ZCTA5 93022,93022,"6,106",4.6,"1,322"
ZCTA5 93023,93023,"20,589",269.5,76
ZCTA5 93030,93030,"59,372",13.9,"4,282"
ZCTA5 93033,93033,"82,728",29.3,"2,821"
ZCTA5 93035,93035,"27,732",4.1,"6,748"
ZCTA5 93036,93036,"41,691",15.9,"2,624"
ZCTA5 93040,93040,"2,031",70.6,29
ZCTA5 93041,93041,"23,641",11.2,"2,103"
ZCTA5 93042,93042,56,22.6,2
ZCTA5 93043,93043,333,0.5,691
ZCTA5 93060,93060,"32,811",119,276
ZCTA5 93063,93063,"54,366",33,"1,650"
ZCTA5 93064,93064,40,5.7,7
ZCTA5 93065,93065,"72,508",31.6,"2,291"
ZCTA5 93066,93066,"3,102",41.6,75
ZCTA5 93067,93067,895,0.6,"1,519"
ZCTA5 93101,93101,"31,683",3.4,"9,237"
ZCTA5 93103,93103,"20,249",5.2,"3,866"
ZCTA5 93105,93105,"24,815",97.1,256
ZCTA5 93108,93108,"11,112",21.2,524
ZCTA5 93109,93109,"10,858",3.4,"3,210"
ZCTA5 93110,93110,"16,829",10.5,"1,596"
ZCTA5 93111,93111,"17,370",8.1,"2,142"
ZCTA5 93117,93117,"53,217",170.1,313
ZCTA5 93201,93201,"1,348",77.4,17
ZCTA5 93202,93202,"4,143",0.8,"5,342"
ZCTA5 93203,93203,"20,938",214.7,98
ZCTA5 93204,93204,"15,529",59.6,260
ZCTA5 93205,93205,"2,113",57.6,37
ZCTA5 93206,93206,"2,300",149.5,15
ZCTA5 93207,93207,263,58.1,5
ZCTA5 93208,93208,104,59,2
ZCTA5 93210,93210,"19,504",771.8,25
ZCTA5 93212,93212,"26,079",106.1,246
ZCTA5 93215,93215,"55,659",141.9,392
ZCTA5 93218,93218,994,64.5,15
ZCTA5 93219,93219,"10,194",97.3,105
ZCTA5 93220,93220,211,26.4,8
ZCTA5 93221,93221,"14,945",131.7,114
ZCTA5 93222,93222,"2,099",28.7,73
ZCTA5 93223,93223,"10,604",2.5,"4,291"
ZCTA5 93224,93224,451,22.4,20
ZCTA5 93225,93225,"5,077",177.2,29
ZCTA5 93226,93226,282,93.6,3
ZCTA5 93230,93230,"65,264",261.8,249
ZCTA5 93234,93234,"6,987",80.2,87
ZCTA5 93235,93235,"4,559",2.9,"1,582"
ZCTA5 93238,93238,"1,490",126.6,12
ZCTA5 93239,93239,"1,688",63.9,26
ZCTA5 93240,93240,"6,056",74.8,81
ZCTA5 93241,93241,"17,489",4.1,"4,240"
ZCTA5 93242,93242,"3,468",41.1,84
ZCTA5 93243,93243,"1,699",150.3,11
ZCTA5 93244,93244,534,68,8
ZCTA5 93245,93245,"37,412",117.9,317
ZCTA5 93247,93247,"17,423",75.7,230
ZCTA5 93249,93249,"2,739",223.1,12
ZCTA5 93250,93250,"13,522",84.6,160
ZCTA5 93251,93251,270,133.8,2
ZCTA5 93252,93252,"4,176",679.5,6
ZCTA5 93254,93254,811,136.6,6
ZCTA5 93255,93255,614,216.5,3
ZCTA5 93256,93256,"5,753",79.9,72
ZCTA5 93257,93257,"75,004",445,169
ZCTA5 93258,93258,"2,046",0.4,"4,729"
ZCTA5 93260,93260,200,32.9,6
ZCTA5 93261,93261,"3,099",8.5,365
ZCTA5 93262,93262,63,89.6,1
ZCTA5 93263,93263,"19,582",90.6,216
ZCTA5 93265,93265,"3,699",374.1,10
ZCTA5 93266,93266,"1,587",55.7,28
ZCTA5 93267,93267,"6,237",75.2,83
ZCTA5 93268,93268,"16,897",41.9,403
ZCTA5 93270,93270,"5,837",61.8,94
ZCTA5 93271,93271,"2,276",379.7,6
ZCTA5 93272,93272,"3,583",83.8,43
ZCTA5 93274,93274,"69,721",214.1,326
ZCTA5 93276,93276,161,0.7,235
ZCTA5 93277,93277,"50,607",40,"1,266"
ZCTA5 93280,93280,"27,152",322.1,84
ZCTA5 93283,93283,"2,040",204.3,10
ZCTA5 93285,93285,"2,536",47.2,54
ZCTA5 93286,93286,"9,548",85.3,112
ZCTA5 93287,93287,119,55.9,2
ZCTA5 93291,93291,"52,849",84.6,624
ZCTA5 93292,93292,"39,032",108.6,359
ZCTA5 93301,93301,"12,248",4.2,"2,929"
ZCTA5 93304,93304,"48,731",7.6,"6,416"
ZCTA5 93305,93305,"37,601",5.9,"6,336"
ZCTA5 93306,93306,"64,587",88.1,733
ZCTA5 93307,93307,"82,658",138.9,595
ZCTA5 93308,93308,"52,447",316,166
ZCTA5 93309,93309,"58,409",10.6,"5,487"
ZCTA5 93311,93311,"40,829",169.5,241
ZCTA5 93312,93312,"56,741",15.2,"3,729"
ZCTA5 93313,93313,"43,553",99.7,437
ZCTA5 93314,93314,"22,393",98.9,226
ZCTA5 93401,93401,"28,033",69.9,401
ZCTA5 93402,93402,"14,318",29.1,492
ZCTA5 93405,93405,"35,440",87.7,404
ZCTA5 93410,93410,0,0.1,0
ZCTA5 93420,93420,"28,413",187.4,152
ZCTA5 93422,93422,"31,375",59.8,525
ZCTA5 93424,93424,"1,261",2.6,479
ZCTA5 93426,93426,"1,401",212.2,7
ZCTA5 93427,93427,"5,505",56,98
ZCTA5 93428,93428,"6,314",77,82
ZCTA5 93429,93429,154,7.4,21
ZCTA5 93430,93430,"2,972",72.2,41
ZCTA5 93432,93432,"1,384",90.1,15
ZCTA5 93433,93433,"13,162",2.2,"6,084"
ZCTA5 93434,93434,"7,110",33,215
ZCTA5 93436,93436,"54,017",218.9,247
ZCTA5 93437,93437,"3,338",38.8,86
ZCTA5 93440,93440,"2,058",40.2,51
ZCTA5 93441,93441,"1,530",54.9,28
ZCTA5 93442,93442,"10,789",44.9,241
ZCTA5 93444,93444,"19,244",68.9,279
ZCTA5 93445,93445,"7,173",16.8,427
ZCTA5 93446,93446,"43,714",417.1,105
ZCTA5 93449,93449,"7,657",10,766
ZCTA5 93450,93450,740,169.8,4
ZCTA5 93451,93451,"3,779",510.2,7
ZCTA5 93452,93452,524,114.1,5
ZCTA5 93453,93453,"2,899",622.8,5
ZCTA5 93454,93454,"36,448",427,85
ZCTA5 93455,93455,"41,684",108.1,386
ZCTA5 93458,93458,"55,431",27.4,"2,025"
ZCTA5 93460,93460,"5,255",123.4,43
ZCTA5 93461,93461,"1,623",354.3,5
ZCTA5 93463,93463,"7,646",30.2,253
ZCTA5 93465,93465,"9,153",87.7,104
ZCTA5 93501,93501,"5,467",163.8,33
ZCTA5 93505,93505,"14,038",78.2,180
ZCTA5 93510,93510,"7,993",71.9,111
ZCTA5 93512,93512,277,126.4,2
ZCTA5 93513,93513,"1,763",643.5,3
ZCTA5 93514,93514,"13,857","1,115.80",12
ZCTA5 93516,93516,"2,299",19.3,119
ZCTA5 93517,93517,670,593.2,1
ZCTA5 93518,93518,"1,146",298.1,4
ZCTA5 93519,93519,101,78.7,1
ZCTA5 93522,93522,48,46.2,1
ZCTA5 93523,93523,"3,074",97.4,32
ZCTA5 93524,93524,229,2.1,112
ZCTA5 93526,93526,719,136.9,5
ZCTA5 93527,93527,"2,387",545.3,4
ZCTA5 93528,93528,172,3.8,45
ZCTA5 93529,93529,633,30.6,21
ZCTA5 93530,93530,47,0.9,52
ZCTA5 93531,93531,509,34.3,15
ZCTA5 93532,93532,"2,932",113.7,26
ZCTA5 93534,93534,"39,341",17.8,"2,215"
ZCTA5 93535,93535,"72,046",257.9,279
ZCTA5 93536,93536,"70,918",242.7,292
ZCTA5 93541,93541,449,267.8,2
ZCTA5 93543,93543,"13,033",59.4,220
ZCTA5 93544,93544,"1,259",109.6,11
ZCTA5 93545,93545,"2,082",106.8,19
ZCTA5 93546,93546,"9,567",172.3,56
ZCTA5 93549,93549,344,335.5,1
ZCTA5 93550,93550,"74,929",196.2,382
ZCTA5 93551,93551,"50,798",73.1,695
ZCTA5 93552,93552,"38,158",48.5,787
ZCTA5 93553,93553,"2,138",86.5,25
ZCTA5 93554,93554,72,74.1,1
ZCTA5 93555,93555,"32,560",81.6,399
ZCTA5 93558,93558,125,3.7,34
ZCTA5 93560,93560,"18,910",159.6,119
ZCTA5 93561,93561,"34,630",264.1,131
ZCTA5 93562,93562,"1,818",39.5,46
ZCTA5 93563,93563,388,40.2,10
ZCTA5 93591,93591,"7,285",82.5,88
ZCTA5 93592,93592,64,150.1,0
ZCTA5 93601,93601,"1,909",44.6,43
ZCTA5 93602,93602,"3,862",143.6,27
ZCTA5 93603,93603,222,43.5,5
ZCTA5 93604,93604,674,140.7,5
ZCTA5 93605,93605,175,0.4,420
ZCTA5 93606,93606,"1,217",0.2,"8,109"
ZCTA5 93608,93608,"1,114",109,10
ZCTA5 93609,93609,"5,640",61.5,92
ZCTA5 93610,93610,"23,833",272.2,88
ZCTA5 93611,93611,"45,614",11.2,"4,075"
ZCTA5 93612,93612,"35,351",6.6,"5,344"
ZCTA5 93614,93614,"11,661",114.9,102
ZCTA5 93615,93615,"6,042",16.7,361
ZCTA5 93616,93616,"2,627",13.9,189
ZCTA5 93618,93618,"28,262",66.7,424
ZCTA5 93619,93619,"28,965",178.4,162
ZCTA5 93620,93620,"9,591",174.7,55
ZCTA5 93621,93621,464,66,7
ZCTA5 93622,93622,"9,581",354.5,27
ZCTA5 93623,93623,69,30.8,2
ZCTA5 93624,93624,"1,134",112.1,10
ZCTA5 93625,93625,"7,313",24.7,296
ZCTA5 93626,93626,"1,359",99.6,14
ZCTA5 93627,93627,123,35.7,3
ZCTA5 93628,93628,327,35.9,9
ZCTA5 93630,93630,"19,162",155.7,123
ZCTA5 93631,93631,"15,941",80.2,199
ZCTA5 93633,93633,25,21,1
ZCTA5 93634,93634,33,"1,184.70",0
ZCTA5 93635,93635,"38,776",259.2,150
ZCTA5 93636,93636,"11,908",195.6,61
ZCTA5 93637,93637,"37,743",270.5,140
ZCTA5 93638,93638,"49,068",94.8,517
ZCTA5 93640,93640,"11,880",113.1,105
ZCTA5 93641,93641,595,31.9,19
ZCTA5 93643,93643,"3,171",124.5,25
ZCTA5 93644,93644,"8,637",92.8,93
ZCTA5 93645,93645,318,53.5,6
ZCTA5 93646,93646,"10,557",42.6,248
ZCTA5 93647,93647,"11,874",106.9,111
ZCTA5 93648,93648,"15,719",22.9,685
ZCTA5 93650,93650,"4,055",0.7,"5,725"
ZCTA5 93651,93651,"1,674",28.7,58
ZCTA5 93652,93652,415,2.1,201
ZCTA5 93653,93653,"1,229",237.4,5
ZCTA5 93654,93654,"29,776",98.6,302
ZCTA5 93656,93656,"6,313",109.9,57
ZCTA5 93657,93657,"34,999",213.1,164
ZCTA5 93660,93660,"4,675",81.2,58
ZCTA5 93662,93662,"30,237",78.8,384
ZCTA5 93664,93664,585,191.7,3
ZCTA5 93665,93665,472,0.8,561
ZCTA5 93666,93666,692,0.4,"1,850"
ZCTA5 93667,93667,"2,604",111.3,23
ZCTA5 93668,93668,"1,118",33.7,33
ZCTA5 93669,93669,295,6.8,43
ZCTA5 93673,93673,713,0.8,857
ZCTA5 93675,93675,"3,721",78.8,47
ZCTA5 93701,93701,"12,529",1.5,"8,274"
ZCTA5 93702,93702,"48,607",5.3,"9,234"
ZCTA5 93703,93703,"31,868",4.7,"6,741"
ZCTA5 93704,93704,"27,156",5.5,"4,955"
ZCTA5 93705,93705,"36,703",4.9,"7,528"
ZCTA5 93706,93706,"41,087",163.5,251
ZCTA5 93710,93710,"30,202",7,"4,308"
ZCTA5 93711,93711,"36,731",11.3,"3,248"
ZCTA5 93720,93720,"45,191",10,"4,538"
ZCTA5 93721,93721,"6,959",2.1,"3,395"
ZCTA5 93722,93722,"76,448",19.6,"3,903"
ZCTA5 93723,93723,"9,547",42.7,224
ZCTA5 93725,93725,"24,979",65.4,382
ZCTA5 93726,93726,"40,705",6.4,"6,344"
ZCTA5 93727,93727,"71,820",32.5,"2,209"
ZCTA5 93728,93728,"15,743",3.1,"5,145"
ZCTA5 93730,93730,"9,941",7.6,"1,312"
ZCTA5 93901,93901,"26,863",14.6,"1,839"
ZCTA5 93905,93905,"61,087",9.3,"6,564"
ZCTA5 93906,93906,"59,461",13.1,"4,548"
ZCTA5 93907,93907,"21,726",54,403
ZCTA5 93908,93908,"13,043",214.6,61
ZCTA5 93920,93920,"1,369",368.9,4
ZCTA5 93921,93921,"3,281",0.9,"3,649"
ZCTA5 93923,93923,"12,073",129,94
ZCTA5 93924,93924,"6,279",189.9,33
ZCTA5 93925,93925,"1,671",54.5,31
ZCTA5 93926,93926,"8,726",59.2,147
ZCTA5 93927,93927,"17,547",263.9,66
ZCTA5 93928,93928,506,19.1,26
ZCTA5 93930,93930,"15,866",360.1,44
ZCTA5 93932,93932,592,100.7,6
ZCTA5 93933,93933,"22,406",12.9,"1,743"
ZCTA5 93940,93940,"31,615",20.5,"1,539"
ZCTA5 93943,93943,6,0.2,35
ZCTA5 93950,93950,"15,046",2.9,"5,251"
ZCTA5 93953,93953,"4,509",8,561
ZCTA5 93954,93954,302,36.7,8
ZCTA5 93955,93955,"33,359",28.2,"1,181"
ZCTA5 93960,93960,"27,080",204,133
ZCTA5 93962,93962,673,0.1,"5,509"
ZCTA5 94002,94002,"25,992",5.7,"4,589"
ZCTA5 94005,94005,"4,282",4.4,974
ZCTA5 94010,94010,"40,737",11.8,"3,442"
ZCTA5 94014,94014,"47,014",6.3,"7,454"
ZCTA5 94015,94015,"60,927",5.8,"10,576"
ZCTA5 94019,94019,"18,424",52.6,350
ZCTA5 94020,94020,"1,559",55.8,28
ZCTA5 94021,94021,192,4.5,42
ZCTA5 94022,94022,"18,500",17.5,"1,058"
ZCTA5 94024,94024,"22,385",7.3,"3,066"
ZCTA5 94025,94025,"40,526",11.8,"3,448"
ZCTA5 94027,94027,"7,089",5.2,"1,364"
ZCTA5 94028,94028,"6,534",15.2,429
ZCTA5 94030,94030,"21,536",3.4,"6,359"
ZCTA5 94037,94037,"2,913",5.8,503
ZCTA5 94038,94038,"3,040",1.6,"1,929"
ZCTA5 94040,94040,"32,996",3.7,"8,945"
ZCTA5 94041,94041,"13,292",1.5,"8,689"
ZCTA5 94043,94043,"28,358",10.7,"2,657"
ZCTA5 94044,94044,"37,296",14.7,"2,543"
ZCTA5 94060,94060,"1,554",73,21
ZCTA5 94061,94061,"36,245",3.9,"9,391"
ZCTA5 94062,94062,"25,876",70.9,365
ZCTA5 94063,94063,"30,949",6.8,"4,539"
ZCTA5 94065,94065,"11,359",2.4,"4,660"
ZCTA5 94066,94066,"41,130",6.1,"6,706"
ZCTA5 94070,94070,"29,166",6.1,"4,749"
ZCTA5 94074,94074,214,18.5,12
ZCTA5 94080,94080,"63,975",10.3,"6,224"
ZCTA5 94085,94085,"21,247",3.5,"6,088"
ZCTA5 94086,94086,"45,697",4.5,"10,187"
ZCTA5 94087,94087,"54,293",6.6,"8,248"
ZCTA5 94089,94089,"19,245",6,"3,212"
ZCTA5 94102,94102,"31,176",0.7,"46,472"
ZCTA5 94103,94103,"27,170",1.4,"20,036"
ZCTA5 94104,94104,406,0.1,"5,232"
ZCTA5 94105,94105,"5,846",0.4,"15,826"
ZCTA5 94107,94107,"26,599",1.8,"14,845"
ZCTA5 94108,94108,"13,768",0.3,"50,983"
ZCTA5 94109,94109,"55,984",1.2,"47,129"
ZCTA5 94110,94110,"69,333",2.3,"29,816"
ZCTA5 94111,94111,"3,713",0.3,"10,791"
ZCTA5 94112,94112,"79,407",3.4,"23,606"
ZCTA5 94114,94114,"31,124",1.4,"21,837"
ZCTA5 94115,94115,"33,021",1.1,"29,596"
ZCTA5 94116,94116,"43,698",2.6,"16,901"
ZCTA5 94117,94117,"39,169",1.7,"23,211"
ZCTA5 94118,94118,"38,319",1.9,"19,663"
ZCTA5 94121,94121,"41,203",3.1,"13,370"
ZCTA5 94122,94122,"56,023",2.4,"23,699"
ZCTA5 94123,94123,"23,088",1,"22,622"
ZCTA5 94124,94124,"33,996",4.9,"6,901"
ZCTA5 94127,94127,"19,289",1.8,"10,895"
ZCTA5 94128,94128,69,3.5,20
ZCTA5 94129,94129,"3,183",2.3,"1,381"
ZCTA5 94130,94130,"2,880",0.9,"3,196"
ZCTA5 94131,94131,"26,881",2.1,"12,926"
ZCTA5 94132,94132,"28,129",3.1,"9,045"
ZCTA5 94133,94133,"26,237",0.8,"34,749"
ZCTA5 94134,94134,"40,798",2.4,"17,001"
ZCTA5 94158,94158,"4,792",0.7,"7,288"
ZCTA5 94301,94301,"16,995",2.4,"7,161"
ZCTA5 94303,94303,"45,467",8,"5,710"
ZCTA5 94304,94304,"3,627",6.5,558
ZCTA5 94305,94305,"13,862",5.1,"2,703"
ZCTA5 94306,94306,"26,469",4.2,"6,322"
ZCTA5 94401,94401,"34,429",3.1,"10,943"
ZCTA5 94402,94402,"23,981",4.9,"4,934"
ZCTA5 94403,94403,"39,642",5.6,"7,040"
ZCTA5 94404,94404,"33,749",4.3,"7,923"
ZCTA5 94501,94501,"60,212",7.9,"7,593"
ZCTA5 94502,94502,"13,600",2.7,"5,074"
ZCTA5 94503,94503,"19,681",13,"1,519"
ZCTA5 94505,94505,"13,403",16.3,824
ZCTA5 94506,94506,"22,452",18.8,"1,195"
ZCTA5 94507,94507,"14,889",12.7,"1,173"
ZCTA5 94508,94508,"3,661",17.4,210
ZCTA5 94509,94509,"62,439",16.4,"3,800"
ZCTA5 94510,94510,"27,088",27.9,969
ZCTA5 94511,94511,"2,137",5.6,384
ZCTA5 94512,94512,108,20.2,5
ZCTA5 94513,94513,"54,605",75.7,722
ZCTA5 94514,94514,"1,360",28.7,47
ZCTA5 94515,94515,"7,050",105.7,67
ZCTA5 94516,94516,211,0.9,241
ZCTA5 94517,94517,"12,385",57.2,216
ZCTA5 94518,94518,"26,778",5.4,"4,925"
ZCTA5 94519,94519,"18,453",4.4,"4,221"
ZCTA5 94520,94520,"37,208",10.1,"3,688"
ZCTA5 94521,94521,"41,249",13,"3,182"
ZCTA5 94523,94523,"33,569",7.2,"4,640"
ZCTA5 94525,94525,"3,127",2.4,"1,329"
ZCTA5 94526,94526,"31,102",14.9,"2,083"
ZCTA5 94528,94528,964,2.3,411
ZCTA5 94530,94530,"23,877",4.8,"4,945"
ZCTA5 94531,94531,"40,290",11,"3,678"
ZCTA5 94533,94533,"69,277",21.6,"3,207"
ZCTA5 94534,94534,"36,416",79.2,460
ZCTA5 94535,94535,"3,793",3.8,995
ZCTA5 94536,94536,"68,790",14.6,"4,717"
ZCTA5 94538,94538,"61,148",16.5,"3,715"
ZCTA5 94539,94539,"50,031",25.4,"1,968"
ZCTA5 94541,94541,"61,635",7.4,"8,296"
ZCTA5 94542,94542,"12,717",5.7,"2,229"
ZCTA5 94544,94544,"73,026",11,"6,665"
ZCTA5 94545,94545,"29,707",21.5,"1,379"
ZCTA5 94546,94546,"42,209",9.4,"4,479"
ZCTA5 94547,94547,"24,092",5.4,"4,427"
ZCTA5 94548,94548,412,2.8,149
ZCTA5 94549,94549,"26,864",19.2,"1,399"
ZCTA5 94550,94550,"46,896",232.7,202
ZCTA5 94551,94551,"36,867",78.9,467
ZCTA5 94552,94552,"14,454",44.9,322
ZCTA5 94553,94553,"47,065",48.9,962
ZCTA5 94555,94555,"34,143",11.6,"2,941"
ZCTA5 94556,94556,"15,229",12.2,"1,243"
ZCTA5 94558,94558,"66,830",355.8,188
ZCTA5 94559,94559,"27,184",36.6,742
ZCTA5 94560,94560,"42,573",13.8,"3,084"
ZCTA5 94561,94561,"36,515",16.9,"2,157"
ZCTA5 94563,94563,"17,672",17.3,"1,024"
ZCTA5 94564,94564,"18,287",5.6,"3,271"
ZCTA5 94565,94565,"84,641",30.2,"2,803"
ZCTA5 94566,94566,"40,884",19.6,"2,085"
ZCTA5 94567,94567,623,131.4,5
ZCTA5 94568,94568,"46,016",15.3,"3,011"
ZCTA5 94569,94569,198,2.4,84
ZCTA5 94571,94571,"7,911",117.6,67
ZCTA5 94572,94572,"8,684",4.3,"2,000"
ZCTA5 94573,94573,94,1,94
ZCTA5 94574,94574,"8,742",127.8,68
ZCTA5 94575,94575,974,0.2,"5,815"
ZCTA5 94576,94576,164,0.4,444
ZCTA5 94577,94577,"45,560",8.1,"5,591"
ZCTA5 94578,94578,"38,558",4.4,"8,755"
ZCTA5 94579,94579,"20,571",3.1,"6,567"
ZCTA5 94580,94580,"27,152",3.4,"7,875"
ZCTA5 94582,94582,"38,537",13,"2,965"
ZCTA5 94583,94583,"34,859",15,"2,331"
ZCTA5 94585,94585,"28,263",112.4,251
ZCTA5 94586,94586,925,58.6,16
ZCTA5 94587,94587,"69,516",19.7,"3,525"
ZCTA5 94588,94588,"30,842",32.6,945
ZCTA5 94589,94589,"29,876",11.5,"2,607"
ZCTA5 94590,94590,"35,420",5.9,"5,959"
ZCTA5 94591,94591,"53,042",21.6,"2,458"
ZCTA5 94592,94592,742,4.2,175
ZCTA5 94595,94595,"16,425",5.4,"3,054"
ZCTA5 94596,94596,"20,037",6,"3,359"
ZCTA5 94597,94597,"20,277",3.9,"5,180"
ZCTA5 94598,94598,"25,818",15.2,"1,693"
ZCTA5 94599,94599,"3,021",2.9,"1,030"
ZCTA5 94601,94601,"50,294",3.2,"15,487"
ZCTA5 94602,94602,"28,329",3.3,"8,574"
ZCTA5 94603,94603,"31,403",3.3,"9,630"
ZCTA5 94605,94605,"39,016",9,"4,356"
ZCTA5 94606,94606,"36,672",2.3,"16,037"
ZCTA5 94607,94607,"24,978",5.9,"4,235"
ZCTA5 94608,94608,"28,019",2.7,"10,235"
ZCTA5 94609,94609,"20,596",1.7,"12,057"
ZCTA5 94610,94610,"29,287",2.2,"13,410"
ZCTA5 94611,94611,"36,565",10.6,"3,462"
ZCTA5 94612,94612,"14,389",0.9,"16,899"
ZCTA5 94613,94613,715,0.3,"2,820"
ZCTA5 94618,94618,"16,046",2.4,"6,616"
ZCTA5 94619,94619,"23,299",15.6,"1,489"
ZCTA5 94621,94621,"29,870",7.8,"3,840"
ZCTA5 94702,94702,"15,979",1.3,"12,543"
ZCTA5 94703,94703,"19,846",1.3,"14,852"
ZCTA5 94704,94704,"25,592",1.1,"23,930"
ZCTA5 94705,94705,"12,762",3.3,"3,862"
ZCTA5 94706,94706,"19,615",1.5,"13,287"
ZCTA5 94707,94707,"11,710",1.7,"6,907"
ZCTA5 94708,94708,"10,985",3.4,"3,239"
ZCTA5 94709,94709,"11,806",0.6,"20,084"
ZCTA5 94710,94710,"6,948",2.1,"3,233"
ZCTA5 94720,94720,"2,964",0.6,"4,761"
ZCTA5 94801,94801,"29,395",11.3,"2,606"
ZCTA5 94803,94803,"24,904",11.7,"2,134"
ZCTA5 94804,94804,"38,559",6.2,"6,241"
ZCTA5 94805,94805,"13,648",2,"6,873"
ZCTA5 94806,94806,"59,861",8.3,"7,183"
ZCTA5 94850,94850,0,0,0
ZCTA5 94901,94901,"41,157",13.2,"3,127"
ZCTA5 94903,94903,"29,040",20.1,"1,448"
ZCTA5 94904,94904,"11,995",7.2,"1,656"
ZCTA5 94920,94920,"12,474",6.5,"1,910"
ZCTA5 94922,94922,425,12.3,34
ZCTA5 94923,94923,"1,411",21.4,66
ZCTA5 94924,94924,"1,638",23.1,71
ZCTA5 94925,94925,"9,253",3.2,"2,925"
ZCTA5 94928,94928,"43,170",7.7,"5,604"
ZCTA5 94929,94929,264,1.1,249
ZCTA5 94930,94930,"8,500",15.9,534
ZCTA5 94931,94931,"8,470",6.4,"1,333"
ZCTA5 94933,94933,865,1.1,790
ZCTA5 94937,94937,837,41.6,20
ZCTA5 94938,94938,812,10.6,77
ZCTA5 94939,94939,"6,859",2.1,"3,208"
ZCTA5 94940,94940,268,22.8,12
ZCTA5 94941,94941,"30,496",22.2,"1,372"
ZCTA5 94945,94945,"17,167",26,660
ZCTA5 94946,94946,699,43.7,16
ZCTA5 94947,94947,"24,283",22.7,"1,070"
ZCTA5 94949,94949,"17,202",15,"1,145"
ZCTA5 94950,94950,89,8.6,10
ZCTA5 94951,94951,"4,124",14.7,281
ZCTA5 94952,94952,"32,858",180.2,182
ZCTA5 94954,94954,"37,365",62,603
ZCTA5 94956,94956,"1,756",58.4,30
ZCTA5 94957,94957,"1,332",1.1,"1,164"
ZCTA5 94960,94960,"15,740",5.9,"2,653"
ZCTA5 94963,94963,569,2.7,214
ZCTA5 94964,94964,"5,094",0.4,"13,067"
ZCTA5 94965,94965,"10,847",13.5,802
ZCTA5 94970,94970,683,7,98
ZCTA5 94971,94971,337,12.4,27
ZCTA5 94972,94972,52,11.6,4
ZCTA5 94973,94973,"1,429",4,359
ZCTA5 95002,95002,"2,077",12,173
ZCTA5 95003,95003,"23,974",35.1,682
ZCTA5 95004,95004,"3,918",18.2,216
ZCTA5 95005,95005,"6,311",11.9,528
ZCTA5 95006,95006,"8,979",53.5,168
ZCTA5 95007,95007,676,0.6,"1,181"
ZCTA5 95008,95008,"45,260",6.4,"7,086"
ZCTA5 95010,95010,"9,137",1.4,"6,658"
ZCTA5 95012,95012,"10,320",14.9,691
ZCTA5 95013,95013,80,1.5,52
ZCTA5 95014,95014,"60,717",26.9,"2,255"
ZCTA5 95017,95017,834,50,17
ZCTA5 95018,95018,"7,778",18.8,414
ZCTA5 95019,95019,"7,727",1.2,"6,364"
ZCTA5 95020,95020,"57,349",155.9,368
ZCTA5 95023,95023,"48,841",412.4,118
ZCTA5 95030,95030,"12,791",10.4,"1,225"
ZCTA5 95032,95032,"25,089",15.9,"1,579"
ZCTA5 95033,95033,"9,372",91.7,102
ZCTA5 95035,95035,"66,943",23.2,"2,880"
ZCTA5 95037,95037,"45,579",243.3,187
ZCTA5 95039,95039,"1,377",14.7,93
ZCTA5 95041,95041,160,0,"3,951"
ZCTA5 95043,95043,639,858.6,1
ZCTA5 95045,95045,"4,046",47.4,85
ZCTA5 95046,95046,"6,417",19.5,329
ZCTA5 95050,95050,"35,923",5.3,"6,808"
ZCTA5 95051,95051,"54,327",6.7,"8,159"
ZCTA5 95053,95053,"2,206",0.2,"12,925"
ZCTA5 95054,95054,"23,364",6.3,"3,730"
ZCTA5 95060,95060,"46,377",67.8,684
ZCTA5 95062,95062,"36,079",5,"7,148"
ZCTA5 95064,95064,"7,331",1.9,"3,908"
ZCTA5 95065,95065,"8,113",11.2,725
ZCTA5 95066,95066,"14,749",19,778
ZCTA5 95070,95070,"30,617",25.5,"1,201"
ZCTA5 95073,95073,"10,154",21.2,479
ZCTA5 95075,95075,331,93,4
ZCTA5 95076,95076,"82,474",136.6,604
ZCTA5 95110,95110,"18,730",4.7,"4,014"
ZCTA5 95111,95111,"58,466",5.4,"10,840"
ZCTA5 95112,95112,"55,927",7.1,"7,885"
ZCTA5 95113,95113,893,0.3,"2,618"
ZCTA5 95116,95116,"51,496",3.6,"14,382"
ZCTA5 95117,95117,"30,067",2.6,"11,693"
ZCTA5 95118,95118,"31,932",4.1,"7,703"
ZCTA5 95119,95119,"9,970",2.8,"3,524"
ZCTA5 95120,95120,"37,457",39.8,942
ZCTA5 95121,95121,"37,469",4.4,"8,454"
ZCTA5 95122,95122,"56,545",4.8,"11,857"
ZCTA5 95123,95123,"62,228",8.3,"7,481"
ZCTA5 95124,95124,"47,082",6.6,"7,167"
ZCTA5 95125,95125,"51,939",8,"6,488"
ZCTA5 95126,95126,"31,049",3.3,"9,459"
ZCTA5 95127,95127,"61,325",13,"4,713"
ZCTA5 95128,95128,"34,836",3.9,"8,923"
ZCTA5 95129,95129,"38,720",4.5,"8,581"
ZCTA5 95130,95130,"13,911",1.6,"8,930"
ZCTA5 95131,95131,"28,565",5.8,"4,913"
ZCTA5 95132,95132,"40,299",51,791
ZCTA5 95133,95133,"25,401",3.2,"7,982"
ZCTA5 95134,95134,"15,268",9.5,"1,610"
ZCTA5 95135,95135,"20,120",30.6,658
ZCTA5 95136,95136,"42,989",4.7,"9,082"
ZCTA5 95138,95138,"18,889",26.1,725
ZCTA5 95139,95139,"6,748",1.2,"5,482"
ZCTA5 95140,95140,191,123.7,2
ZCTA5 95148,95148,"45,528",9.4,"4,831"
ZCTA5 95202,95202,"6,521",1.1,"6,049"
ZCTA5 95203,95203,"15,696",6.2,"2,544"
ZCTA5 95204,95204,"27,786",5.1,"5,448"
ZCTA5 95205,95205,"38,069",9.1,"4,188"
ZCTA5 95206,95206,"65,004",144.9,449
ZCTA5 95207,95207,"47,965",7.3,"6,610"
ZCTA5 95209,95209,"39,488",8.4,"4,711"
ZCTA5 95210,95210,"39,009",6.6,"5,892"
ZCTA5 95211,95211,"1,545",0.2,"10,208"
ZCTA5 95212,95212,"25,239",21.6,"1,170"
ZCTA5 95215,95215,"23,224",94.7,245
ZCTA5 95219,95219,"27,884",56.9,490
ZCTA5 95220,95220,"7,273",57.6,126
ZCTA5 95222,95222,"5,292",151.1,35
ZCTA5 95223,95223,"4,612",287.4,16
ZCTA5 95224,95224,429,11.4,38
ZCTA5 95225,95225,672,7,96
ZCTA5 95226,95226,84,5.6,15
ZCTA5 95227,95227,941,37.1,25
ZCTA5 95228,95228,"3,976",106.8,37
ZCTA5 95230,95230,718,113.6,6
ZCTA5 95231,95231,"4,374",10.6,413
ZCTA5 95232,95232,304,7.9,38
ZCTA5 95233,95233,436,7,62
ZCTA5 95234,95234,70,33.6,2
ZCTA5 95236,95236,"4,223",108.1,39
ZCTA5 95237,95237,"3,167",8,397
ZCTA5 95240,95240,"47,172",82.7,570
ZCTA5 95242,95242,"25,393",96,264
ZCTA5 95245,95245,"2,277",68.4,33
ZCTA5 95246,95246,"1,615",52.2,31
ZCTA5 95247,95247,"4,368",41.7,105
ZCTA5 95248,95248,301,31.8,9
ZCTA5 95249,95249,"4,042",83.8,48
ZCTA5 95250,95250,78,10.6,7
ZCTA5 95251,95251,767,11,70
ZCTA5 95252,95252,"13,460",122.5,110
ZCTA5 95254,95254,480,5.5,87
ZCTA5 95255,95255,"2,042",44.6,46
ZCTA5 95257,95257,413,15.2,27
ZCTA5 95258,95258,"4,018",3.2,"1,247"
ZCTA5 95301,95301,"37,073",62.3,595
ZCTA5 95303,95303,912,39,23
ZCTA5 95304,95304,"15,706",159.4,99
ZCTA5 95305,95305,245,14.3,17
ZCTA5 95306,95306,970,136.8,7
ZCTA5 95307,95307,"42,753",33.5,"1,276"
ZCTA5 95310,95310,"1,882",39.5,48
ZCTA5 95311,95311,"2,197",239.6,9
ZCTA5 95312,95312,268,1,273
ZCTA5 95313,95313,"1,386",51.7,27
ZCTA5 95314,95314,0,25.1,0
ZCTA5 95315,95315,"13,018",18.2,713
ZCTA5 95316,95316,"6,573",66.8,98
ZCTA5 95317,95317,817,53,15
ZCTA5 95318,95318,541,39.6,14
ZCTA5 95319,95319,"1,749",0.6,"2,820"
ZCTA5 95320,95320,"12,819",88.6,145
ZCTA5 95321,95321,"3,736",175.2,21
ZCTA5 95322,95322,"8,942",174.2,51
ZCTA5 95323,95323,"1,260",30.8,41
ZCTA5 95324,95324,"7,324",41.2,178
ZCTA5 95325,95325,81,40.7,2
ZCTA5 95326,95326,"9,581",28.9,331
ZCTA5 95327,95327,"9,806",157.1,62
ZCTA5 95328,95328,"3,993",1,"3,834"
ZCTA5 95329,95329,"2,460",109.3,23
ZCTA5 95330,95330,"17,853",21.5,830
ZCTA5 95333,95333,"2,942",116.7,25
ZCTA5 95334,95334,"15,457",56,276
ZCTA5 95335,95335,541,42.1,13
ZCTA5 95336,95336,"42,675",38.3,"1,114"
ZCTA5 95337,95337,"31,557",45.5,693
ZCTA5 95338,95338,"11,062",340.3,33
ZCTA5 95340,95340,"33,931",39.8,854
ZCTA5 95341,95341,"32,967",149.6,220
ZCTA5 95345,95345,708,32,22
ZCTA5 95346,95346,"1,272",6,212
ZCTA5 95348,95348,"30,805",47.5,648
ZCTA5 95350,95350,"51,046",8.9,"5,749"
ZCTA5 95351,95351,"46,458",8.9,"5,238"
ZCTA5 95354,95354,"25,394",7.3,"3,459"
ZCTA5 95355,95355,"58,311",9.5,"6,145"
ZCTA5 95356,95356,"30,918",21.4,"1,446"
ZCTA5 95357,95357,"11,559",38.5,300
ZCTA5 95358,95358,"31,668",120.3,263
ZCTA5 95360,95360,"11,712",334.7,35
ZCTA5 95361,95361,"31,610",231.7,136
ZCTA5 95363,95363,"25,237",118,214
ZCTA5 95364,95364,53,272,0
ZCTA5 95365,95365,"4,985",15.2,329
ZCTA5 95366,95366,"16,575",34.4,482
ZCTA5 95367,95367,"23,173",4.6,"5,055"
ZCTA5 95368,95368,"13,614",3.3,"4,140"
ZCTA5 95369,95369,"1,099",159.3,7
ZCTA5 95370,95370,"26,803",103.2,260
ZCTA5 95372,95372,"1,963",2.7,733
ZCTA5 95374,95374,"2,030",46.6,44
ZCTA5 95375,95375,106,3,35
ZCTA5 95376,95376,"49,859",7.6,"6,530"
ZCTA5 95377,95377,"30,902",108,286
ZCTA5 95379,95379,"3,898",53.9,72
ZCTA5 95380,95380,"41,201",75,549
ZCTA5 95382,95382,"36,176",10.5,"3,446"
ZCTA5 95383,95383,"3,937",78.4,50
ZCTA5 95385,95385,429,24.8,17
ZCTA5 95386,95386,"9,877",84.9,116
ZCTA5 95387,95387,636,115.9,5
ZCTA5 95388,95388,"13,074",38.8,337
ZCTA5 95389,95389,"1,272",236,5
ZCTA5 95391,95391,"9,959",23.8,419
ZCTA5 95401,95401,"36,981",20.6,"1,793"
ZCTA5 95403,95403,"45,164",22,"2,052"
ZCTA5 95404,95404,"39,761",80,497
ZCTA5 95405,95405,"21,399",5.5,"3,907"
ZCTA5 95407,95407,"39,352",22.7,"1,735"
ZCTA5 95409,95409,"27,187",38.4,708
ZCTA5 95410,95410,950,39.9,24
ZCTA5 95412,95412,401,85.7,5
ZCTA5 95415,95415,"1,592",55.3,29
ZCTA5 95417,95417,297,75.3,4
ZCTA5 95420,95420,374,2,186
ZCTA5 95421,95421,"1,592",216.6,7
ZCTA5 95422,95422,"15,585",35.2,442
ZCTA5 95423,95423,"3,747",102.8,36
ZCTA5 95425,95425,"10,841",205.7,53
ZCTA5 95426,95426,"2,147",20.3,106
ZCTA5 95427,95427,459,69.7,7
ZCTA5 95428,95428,"2,516",225.2,11
ZCTA5 95429,95429,70,40,2
ZCTA5 95430,95430,44,0.2,185
ZCTA5 95431,95431,631,0.1,"8,311"
ZCTA5 95432,95432,426,72.9,6
ZCTA5 95435,95435,82,0.2,532
ZCTA5 95436,95436,"5,418",23,236
ZCTA5 95437,95437,"14,799",97.8,151
ZCTA5 95439,95439,675,2.7,247
ZCTA5 95441,95441,"2,014",101.9,20
ZCTA5 95442,95442,"3,178",24.4,130
ZCTA5 95443,95443,233,4.2,56
ZCTA5 95444,95444,748,0.3,"2,764"
ZCTA5 95445,95445,"2,093",85.5,24
ZCTA5 95446,95446,"4,750",32.9,144
ZCTA5 95448,95448,"16,852",188.5,89
ZCTA5 95449,95449,"1,507",130.6,12
ZCTA5 95450,95450,387,27.4,14
ZCTA5 95451,95451,"11,213",96.2,117
ZCTA5 95452,95452,"1,393",14.4,97
ZCTA5 95453,95453,"11,256",83.7,134
ZCTA5 95454,95454,"2,556",267,10
ZCTA5 95456,95456,795,10.1,79
ZCTA5 95457,95457,"2,893",148.4,19
ZCTA5 95458,95458,"3,104",49,63
ZCTA5 95459,95459,504,67.1,8
ZCTA5 95460,95460,"2,285",27.3,84
ZCTA5 95461,95461,"3,413",125.2,27
ZCTA5 95462,95462,"1,417",5.9,241
ZCTA5 95463,95463,169,11.3,15
ZCTA5 95464,95464,"2,673",3.3,804
ZCTA5 95465,95465,"2,083",41.7,50
ZCTA5 95466,95466,946,94,10
ZCTA5 95467,95467,"5,498",9.8,560
ZCTA5 95468,95468,"1,258",65.2,19
ZCTA5 95469,95469,"1,767",174.7,10
ZCTA5 95470,95470,"6,032",82.5,73
ZCTA5 95471,95471,522,1.4,362
ZCTA5 95472,95472,"28,255",69.1,409
ZCTA5 95476,95476,"35,394",112,316
ZCTA5 95482,95482,"31,808",310.9,102
ZCTA5 95485,95485,"2,557",104.9,24
ZCTA5 95486,95486,62,0,"3,201"
ZCTA5 95488,95488,280,88.7,3
ZCTA5 95490,95490,"13,264",392.2,34
ZCTA5 95492,95492,"28,532",19,"1,499"
ZCTA5 95493,95493,198,4.5,44
ZCTA5 95494,95494,139,102.9,1
ZCTA5 95497,95497,"1,305",16.2,81
ZCTA5 95501,95501,"23,976",7,"3,403"
ZCTA5 95503,95503,"24,152",86.4,279
ZCTA5 95511,95511,360,58.4,6
ZCTA5 95514,95514,254,86.7,3
ZCTA5 95519,95519,"17,432",56.8,307
ZCTA5 95521,95521,"20,199",53.5,378
ZCTA5 95524,95524,"1,787",10.4,171
ZCTA5 95525,95525,"1,733",83.4,21
ZCTA5 95526,95526,378,110.1,3
ZCTA5 95527,95527,627,137.6,5
ZCTA5 95528,95528,"1,139",102.6,11
ZCTA5 95531,95531,"24,528",195.2,126
ZCTA5 95536,95536,"2,849",147.2,19
ZCTA5 95537,95537,276,0.2,"1,548"
ZCTA5 95540,95540,"13,657",27.8,492
ZCTA5 95542,95542,"2,533",197.6,13
ZCTA5 95543,95543,765,102,8
ZCTA5 95545,95545,153,47.9,3
ZCTA5 95546,95546,"3,494",136.5,26
ZCTA5 95547,95547,"1,222",7.5,162
ZCTA5 95548,95548,"1,373",87.3,16
ZCTA5 95549,95549,805,112.3,7
ZCTA5 95550,95550,128,134.9,1
ZCTA5 95551,95551,"1,739",42.6,41
ZCTA5 95552,95552,697,539.7,1
ZCTA5 95553,95553,"1,062",59.3,18
ZCTA5 95554,95554,533,50.2,11
ZCTA5 95555,95555,410,85.9,5
ZCTA5 95556,95556,605,137,4
ZCTA5 95558,95558,425,200.9,2
ZCTA5 95559,95559,182,18.1,10
ZCTA5 95560,95560,"1,648",33.3,49
ZCTA5 95562,95562,"3,450",24.6,140
ZCTA5 95563,95563,652,60.2,11
ZCTA5 95564,95564,462,3.3,139
ZCTA5 95565,95565,"1,071",33.3,32
ZCTA5 95567,95567,"1,930",62.6,31
ZCTA5 95568,95568,136,81.3,2
ZCTA5 95569,95569,361,61.8,6
ZCTA5 95570,95570,"2,579",23.7,109
ZCTA5 95571,95571,271,0.8,359
ZCTA5 95573,95573,"1,744",120.3,15
ZCTA5 95585,95585,508,54.5,9
ZCTA5 95587,95587,201,13,15
ZCTA5 95589,95589,"1,612",186.7,9
ZCTA5 95595,95595,262,244.8,1
ZCTA5 95601,95601,198,1.8,113
ZCTA5 95602,95602,"17,509",49.4,355
ZCTA5 95603,95603,"27,844",39,713
ZCTA5 95604,95604,75,0.4,187
ZCTA5 95605,95605,"14,179",3.9,"3,636"
ZCTA5 95606,95606,196,36.3,5
ZCTA5 95607,95607,431,134.2,3
ZCTA5 95608,95608,"59,418",13,"4,556"
ZCTA5 95610,95610,"44,147",7.8,"5,638"
ZCTA5 95612,95612,"1,239",55.5,22
ZCTA5 95614,95614,"3,833",35.5,108
ZCTA5 95615,95615,834,23.2,36
ZCTA5 95616,95616,"47,032",27.6,"1,707"
ZCTA5 95618,95618,"27,281",34.9,781
ZCTA5 95619,95619,"4,842",6,806
ZCTA5 95620,95620,"20,553",240.8,85
ZCTA5 95621,95621,"39,819",6.8,"5,863"
ZCTA5 95623,95623,"3,806",52.3,73
ZCTA5 95624,95624,"61,989",44,"1,409"
ZCTA5 95625,95625,155,1.2,134
ZCTA5 95626,95626,"5,975",23.3,257
ZCTA5 95627,95627,"3,513",51.4,68
ZCTA5 95628,95628,"40,196",12.8,"3,151"
ZCTA5 95629,95629,832,46.5,18
ZCTA5 95630,95630,"72,180",27.6,"2,617"
ZCTA5 95631,95631,"6,076",152.2,40
ZCTA5 95632,95632,"29,269",110.8,264
ZCTA5 95633,95633,"3,349",41.2,81
ZCTA5 95634,95634,"3,232",81.1,40
ZCTA5 95635,95635,"1,262",20.3,62
ZCTA5 95636,95636,"1,101",115.9,9
ZCTA5 95637,95637,370,21.1,18
ZCTA5 95638,95638,"2,255",78.7,29
ZCTA5 95639,95639,283,4.5,62
ZCTA5 95640,95640,"11,353",115.4,98
ZCTA5 95641,95641,"1,986",44.6,45
ZCTA5 95642,95642,"7,164",66.2,108
ZCTA5 95645,95645,"2,037",128,16
ZCTA5 95646,95646,158,3.8,41
ZCTA5 95648,95648,"47,354",141.5,335
ZCTA5 95650,95650,"12,447",24.7,505
ZCTA5 95651,95651,637,11.6,55
ZCTA5 95652,95652,739,3.8,196
ZCTA5 95653,95653,527,5.1,102
ZCTA5 95655,95655,"4,314",9.5,455
ZCTA5 95658,95658,"6,285",24.8,253
ZCTA5 95659,95659,702,50,14
ZCTA5 95660,95660,"30,714",6.2,"4,925"
ZCTA5 95661,95661,"29,791",9,"3,309"
ZCTA5 95662,95662,"31,558",10.9,"2,903"
ZCTA5 95663,95663,"2,377",8,298
ZCTA5 95664,95664,"1,380",37.7,37
ZCTA5 95665,95665,"4,426",20.3,218
ZCTA5 95666,95666,"5,336",55.7,96
ZCTA5 95667,95667,"36,726",173.2,212
ZCTA5 95668,95668,815,60.6,13
ZCTA5 95669,95669,"2,443",88.3,28
ZCTA5 95670,95670,"52,973",12.6,"4,220"
ZCTA5 95672,95672,"4,773",22.6,211
ZCTA5 95673,95673,"15,455",16.2,953
ZCTA5 95674,95674,935,32,29
ZCTA5 95675,95675,381,0.7,553
ZCTA5 95677,95677,"23,333",8.9,"2,635"
ZCTA5 95678,95678,"41,192",10.9,"3,792"
ZCTA5 95679,95679,55,45.9,1
ZCTA5 95680,95680,146,2,73
ZCTA5 95681,95681,"1,226",17.2,71
ZCTA5 95682,95682,"29,114",81.2,359
ZCTA5 95683,95683,"6,180",90.8,68
ZCTA5 95684,95684,"3,422",145.4,24
ZCTA5 95685,95685,"4,680",49.3,95
ZCTA5 95686,95686,"1,405",27.3,52
ZCTA5 95687,95687,"65,096",43.5,"1,496"
ZCTA5 95688,95688,"34,379",81.2,423
ZCTA5 95689,95689,"1,244",27.8,45
ZCTA5 95690,95690,"2,533",57.3,44
ZCTA5 95691,95691,"34,737",41.5,837
ZCTA5 95692,95692,"4,769",54.3,88
ZCTA5 95693,95693,"6,758",62.8,108
ZCTA5 95694,95694,"9,156",149.2,61
ZCTA5 95695,95695,"37,946",142.2,267
ZCTA5 95697,95697,425,0.2,"1,834"
ZCTA5 95698,95698,236,43,5
ZCTA5 95699,95699,154,4.1,38
ZCTA5 95701,95701,983,33.3,29
ZCTA5 95703,95703,897,4.5,202
ZCTA5 95709,95709,"4,772",22.3,214
ZCTA5 95713,95713,"9,495",71.2,133
ZCTA5 95714,95714,382,3.4,114
ZCTA5 95715,95715,115,26.1,4
ZCTA5 95717,95717,231,10.2,23
ZCTA5 95720,95720,157,121.1,1
ZCTA5 95721,95721,37,12.5,3
ZCTA5 95722,95722,"4,585",10.9,420
ZCTA5 95724,95724,27,1.2,23
ZCTA5 95726,95726,"8,842",74.3,119
ZCTA5 95728,95728,386,12.4,31
ZCTA5 95735,95735,68,21.7,3
ZCTA5 95736,95736,240,0.3,957
ZCTA5 95742,95742,"7,749",49.8,156
ZCTA5 95746,95746,"21,460",17.7,"1,215"
ZCTA5 95747,95747,"51,870",46.6,"1,113"
ZCTA5 95757,95757,"40,222",60.5,665
ZCTA5 95758,95758,"60,435",12.8,"4,711"
ZCTA5 95762,95762,"38,797",41.3,940
ZCTA5 95765,95765,"33,974",12.4,"2,742"
ZCTA5 95776,95776,"21,902",92.4,237
ZCTA5 95811,95811,"7,595",2.8,"2,727"
ZCTA5 95814,95814,"9,922",1.4,"7,105"
ZCTA5 95815,95815,"24,680",7.8,"3,145"
ZCTA5 95816,95816,"15,579",2,"7,611"
ZCTA5 95817,95817,"13,534",2.3,"5,907"
ZCTA5 95818,95818,"19,811",3.8,"5,158"
ZCTA5 95819,95819,"17,141",3.4,"5,067"
ZCTA5 95820,95820,"34,480",5.2,"6,638"
ZCTA5 95821,95821,"33,550",7.2,"4,691"
ZCTA5 95822,95822,"42,347",8.4,"5,014"
ZCTA5 95823,95823,"73,985",11.8,"6,268"
ZCTA5 95824,95824,"30,221",4.1,"7,442"
ZCTA5 95825,95825,"31,084",4.7,"6,576"
ZCTA5 95826,95826,"36,628",11.5,"3,179"
ZCTA5 95827,95827,"20,269",7.6,"2,663"
ZCTA5 95828,95828,"57,862",12.3,"4,698"
ZCTA5 95829,95829,"24,755",20.8,"1,191"
ZCTA5 95830,95830,934,13,72
ZCTA5 95831,95831,"41,321",7,"5,914"
ZCTA5 95832,95832,"11,924",8.3,"1,442"
ZCTA5 95833,95833,"37,293",7.7,"4,814"
ZCTA5 95834,95834,"25,899",10,"2,591"
ZCTA5 95835,95835,"35,936",9,"4,012"
ZCTA5 95837,95837,315,18.1,17
ZCTA5 95838,95838,"36,764",9.1,"4,055"
ZCTA5 95841,95841,"19,448",4.1,"4,771"
ZCTA5 95842,95842,"31,806",3.9,"8,121"
ZCTA5 95843,95843,"45,048",6.4,"6,986"
ZCTA5 95864,95864,"22,447",6.4,"3,499"
ZCTA5 95901,95901,"31,314",196.6,159
ZCTA5 95903,95903,"1,732",14.5,119
ZCTA5 95910,95910,86,34.3,3
ZCTA5 95912,95912,"4,685",180.5,26
ZCTA5 95914,95914,578,14.7,39
ZCTA5 95915,95915,44,22.6,2
ZCTA5 95916,95916,"1,441",96.8,15
ZCTA5 95917,95917,"3,155",68.9,46
ZCTA5 95918,95918,"2,339",69.1,34
ZCTA5 95919,95919,"1,378",24.7,56
ZCTA5 95920,95920,274,69.1,4
ZCTA5 95922,95922,687,62.8,11
ZCTA5 95923,95923,58,9.9,6
ZCTA5 95925,95925,295,33.3,9
ZCTA5 95926,95926,"37,725",7.7,"4,931"
ZCTA5 95928,95928,"36,511",137.6,265
ZCTA5 95930,95930,69,16.8,4
ZCTA5 95932,95932,"7,718",124.2,62
ZCTA5 95934,95934,274,20.8,13
ZCTA5 95935,95935,631,23.6,27
ZCTA5 95936,95936,352,104.9,3
ZCTA5 95937,95937,"1,491",50.9,29
ZCTA5 95938,95938,"3,787",71.9,53
ZCTA5 95939,95939,604,305.9,2
ZCTA5 95941,95941,563,15.8,36
ZCTA5 95942,95942,"1,301",55.9,23
ZCTA5 95943,95943,879,63.3,14
ZCTA5 95944,95944,46,50.5,1
ZCTA5 95945,95945,"25,199",64.2,392
ZCTA5 95946,95946,"9,790",41.9,234
ZCTA5 95947,95947,"1,899",130.5,15
ZCTA5 95948,95948,"10,810",78,139
ZCTA5 95949,95949,"19,741",139.6,141
ZCTA5 95950,95950,569,51,11
ZCTA5 95951,95951,"2,601",18.4,142
ZCTA5 95953,95953,"10,718",113.8,94
ZCTA5 95954,95954,"12,251",71,172
ZCTA5 95955,95955,"1,517",123,12
ZCTA5 95956,95956,401,67.7,6
ZCTA5 95957,95957,761,69.9,11
ZCTA5 95959,95959,"17,838",247.9,72
ZCTA5 95960,95960,796,48.3,16
ZCTA5 95961,95961,"26,510",45.8,579
ZCTA5 95962,95962,"1,567",29.7,53
ZCTA5 95963,95963,"15,493",305.7,51
ZCTA5 95965,95965,"20,384",320.2,64
ZCTA5 95966,95966,"30,643",184.1,166
ZCTA5 95968,95968,"1,412",1.5,912
ZCTA5 95969,95969,"27,549",59,467
ZCTA5 95970,95970,530,46.8,11
ZCTA5 95971,95971,"5,970",101.2,59
ZCTA5 95973,95973,"31,957",332.8,96
ZCTA5 95974,95974,8,8.4,1
ZCTA5 95975,95975,"1,769",9.4,189
ZCTA5 95977,95977,"1,678",39.1,43
ZCTA5 95978,95978,143,6.3,23
ZCTA5 95979,95979,597,284.4,2
ZCTA5 95981,95981,97,41.1,2
ZCTA5 95982,95982,"3,221",44.4,73
ZCTA5 95983,95983,428,117.9,4
ZCTA5 95984,95984,120,33.2,4
ZCTA5 95986,95986,162,8.2,20
ZCTA5 95987,95987,"5,992",334.7,18
ZCTA5 95988,95988,"8,857",310.5,29
ZCTA5 95991,95991,"40,593",40.7,997
ZCTA5 95993,95993,"36,067",85.5,422
ZCTA5 96001,96001,"33,865",88,385
ZCTA5 96002,96002,"33,298",30.2,"1,101"
ZCTA5 96003,96003,"44,461",237.5,187
ZCTA5 96006,96006,557,161.6,3
ZCTA5 96007,96007,"22,841",129.6,176
ZCTA5 96008,96008,"1,231",36.3,34
ZCTA5 96009,96009,569,220.4,3
ZCTA5 96010,96010,239,402.1,1
ZCTA5 96011,96011,218,319.1,1
ZCTA5 96013,96013,"4,212",229.8,18
ZCTA5 96014,96014,211,132.7,2
ZCTA5 96015,96015,465,242,2
ZCTA5 96016,96016,366,42.1,9
ZCTA5 96017,96017,171,146.1,1
ZCTA5 96019,96019,"10,082",10.9,922
ZCTA5 96020,96020,"2,416",40,60
ZCTA5 96021,96021,"16,097",238.6,67
ZCTA5 96022,96022,"15,768",242,65
ZCTA5 96023,96023,"1,240",249.8,5
ZCTA5 96024,96024,"1,145",178.6,6
ZCTA5 96025,96025,"2,310",91.7,25
ZCTA5 96027,96027,"2,227",476.3,5
ZCTA5 96028,96028,"1,464",167.3,9
ZCTA5 96029,96029,124,34.9,4
ZCTA5 96031,96031,158,354.4,0
ZCTA5 96032,96032,"2,407",455.5,5
ZCTA5 96033,96033,432,141.6,3
ZCTA5 96034,96034,294,110.4,3
ZCTA5 96035,96035,"3,324",46,72
ZCTA5 96037,96037,308,4,77
ZCTA5 96038,96038,589,17.8,33
ZCTA5 96039,96039,"1,251",623.1,2
ZCTA5 96040,96040,341,123.2,3
ZCTA5 96041,96041,"2,747",329.1,8
ZCTA5 96044,96044,"1,022",140.9,7
ZCTA5 96046,96046,304,179.4,2
ZCTA5 96047,96047,"1,004",205.9,5
ZCTA5 96048,96048,736,153.5,5
ZCTA5 96049,96049,95,15.8,6
ZCTA5 96050,96050,414,285.7,1
ZCTA5 96051,96051,"1,139",309.5,4
ZCTA5 96052,96052,"1,460",77.1,19
ZCTA5 96054,96054,366,127.7,3
ZCTA5 96055,96055,"3,935",63.2,62
ZCTA5 96056,96056,"1,642",337.3,5
ZCTA5 96057,96057,"1,355",316.3,4
ZCTA5 96058,96058,798,434.9,2
ZCTA5 96059,96059,688,78.4,9
ZCTA5 96061,96061,36,41.3,1
ZCTA5 96062,96062,"1,105",72.9,15
ZCTA5 96063,96063,125,12,10
ZCTA5 96064,96064,"4,574",479.1,10
ZCTA5 96065,96065,357,84.8,4
ZCTA5 96067,96067,"7,165",135.9,53
ZCTA5 96068,96068,183,40.1,5
ZCTA5 96069,96069,982,88.6,11
ZCTA5 96071,96071,125,80.2,2
ZCTA5 96073,96073,"4,082",44.5,92
ZCTA5 96074,96074,260,100.1,3
ZCTA5 96075,96075,369,68.8,5
ZCTA5 96076,96076,166,207,1
ZCTA5 96080,96080,"28,764",612.2,47
ZCTA5 96084,96084,625,105.3,6
ZCTA5 96085,96085,85,74.6,1
ZCTA5 96086,96086,338,256.7,1
ZCTA5 96087,96087,600,78.3,8
ZCTA5 96088,96088,"4,506",157.6,29
ZCTA5 96090,96090,421,1,410
ZCTA5 96091,96091,699,452.2,2
ZCTA5 96092,96092,496,49.4,10
ZCTA5 96093,96093,"4,133",58.7,70
ZCTA5 96094,96094,"6,630",247.4,27
ZCTA5 96096,96096,695,113.9,6
ZCTA5 96097,96097,"10,031",190.7,53
ZCTA5 96101,96101,"5,490",584.2,9
ZCTA5 96103,96103,"1,725",125.7,14
ZCTA5 96104,96104,748,192.5,4
ZCTA5 96105,96105,527,253.2,2
ZCTA5 96106,96106,479,23.4,20
ZCTA5 96107,96107,"1,269",88.9,14
ZCTA5 96108,96108,122,198,1
ZCTA5 96109,96109,"2,197",197.9,11
ZCTA5 96110,96110,166,149.7,1
ZCTA5 96111,96111,160,33.5,5
ZCTA5 96112,96112,214,126.7,2
ZCTA5 96113,96113,"1,000",6.8,147
ZCTA5 96114,96114,"3,220",68,47
ZCTA5 96115,96115,145,99.6,1
ZCTA5 96116,96116,233,251,1
ZCTA5 96117,96117,405,326.7,1
ZCTA5 96118,96118,"1,627",202.9,8
ZCTA5 96119,96119,90,162.1,1
ZCTA5 96120,96120,957,210.7,5
ZCTA5 96121,96121,368,33.5,11
ZCTA5 96122,96122,"3,883",61.3,63
ZCTA5 96123,96123,48,204.4,0
ZCTA5 96124,96124,326,57.7,6
ZCTA5 96125,96125,258,98.9,3
ZCTA5 96126,96126,215,88.7,2
ZCTA5 96128,96128,752,31.4,24
ZCTA5 96129,96129,261,94.4,3
ZCTA5 96130,96130,"23,150",479.9,48
ZCTA5 96132,96132,119,388.4,0
ZCTA5 96133,96133,110,12.7,9
ZCTA5 96134,96134,"2,512",331.8,8
ZCTA5 96135,96135,128,33.3,4
ZCTA5 96136,96136,104,148.1,1
ZCTA5 96137,96137,"3,297",48.4,68
ZCTA5 96140,96140,"1,170",4.7,249
ZCTA5 96141,96141,744,12,62
ZCTA5 96142,96142,"1,037",20.2,51
ZCTA5 96143,96143,"4,414",5.5,802
ZCTA5 96145,96145,"3,161",37.2,85
ZCTA5 96146,96146,"1,366",20.9,65
ZCTA5 96148,96148,788,1.4,580
ZCTA5 96150,96150,"29,792",123.6,241
ZCTA5 96155,96155,8,37,0
ZCTA5 96161,96161,"18,451",181.8,101
ZCTA5 97635 (California part only),97635,165,41.1,4
92093,92093,"8,392",0,0